image_name,t,z,y,x,label,source
phage_annotator_demo.tif,5,-1,277.0,651.0,phage,demo_ground_truth
phage_annotator_demo.tif,6,-1,276.0,651.0,phage,demo_ground_truth
phage_annotator_demo.tif,7,-1,276.0,651.0,phage,demo_ground_truth
phage_annotator_demo.tif,8,-1,277.0,651.0,phage,demo_ground_truth
phage_annotator_demo.tif,9,-1,276.0,650.0,phage,demo_ground_truth
phage_annotator_demo.tif,10,-1,276.0,651.0,phage,demo_ground_truth
phage_annotator_demo.tif,11,-1,277.0,651.0,phage,demo_ground_truth
phage_annotator_demo.tif,12,-1,277.0,651.0,phage,demo_ground_truth
phage_annotator_demo.tif,13,-1,277.0,651.0,phage,demo_ground_truth
phage_annotator_demo.tif,14,-1,276.0,651.0,phage,demo_ground_truth
phage_annotator_demo.tif,15,-1,276.0,651.0,phage,demo_ground_truth
phage_annotator_demo.tif,16,-1,277.0,649.0,phage,demo_ground_truth
phage_annotator_demo.tif,17,-1,276.0,650.0,phage,demo_ground_truth
phage_annotator_demo.tif,0,-1,540.0,743.0,phage,demo_ground_truth
phage_annotator_demo.tif,1,-1,540.0,744.0,phage,demo_ground_truth
phage_annotator_demo.tif,2,-1,539.0,743.0,phage,demo_ground_truth
phage_annotator_demo.tif,3,-1,539.0,743.0,phage,demo_ground_truth
phage_annotator_demo.tif,4,-1,540.0,744.0,phage,demo_ground_truth
phage_annotator_demo.tif,5,-1,540.0,744.0,phage,demo_ground_truth
phage_annotator_demo.tif,6,-1,539.0,744.0,phage,demo_ground_truth
phage_annotator_demo.tif,7,-1,539.0,744.0,phage,demo_ground_truth
phage_annotator_demo.tif,8,-1,540.0,744.0,phage,demo_ground_truth
phage_annotator_demo.tif,9,-1,540.0,744.0,phage,demo_ground_truth
phage_annotator_demo.tif,10,-1,539.0,742.0,phage,demo_ground_truth
phage_annotator_demo.tif,11,-1,539.0,743.0,phage,demo_ground_truth
phage_annotator_demo.tif,12,-1,540.0,743.0,phage,demo_ground_truth
phage_annotator_demo.tif,13,-1,540.0,743.0,phage,demo_ground_truth
phage_annotator_demo.tif,14,-1,540.0,743.0,phage,demo_ground_truth
phage_annotator_demo.tif,15,-1,540.0,743.0,phage,demo_ground_truth
phage_annotator_demo.tif,16,-1,539.0,744.0,phage,demo_ground_truth
phage_annotator_demo.tif,17,-1,539.0,743.0,phage,demo_ground_truth
phage_annotator_demo.tif,18,-1,539.0,744.0,phage,demo_ground_truth
phage_annotator_demo.tif,19,-1,539.0,744.0,phage,demo_ground_truth
phage_annotator_demo.tif,3,-1,192.0,1136.0,phage,demo_ground_truth
phage_annotator_demo.tif,4,-1,193.0,1134.0,phage,demo_ground_truth
phage_annotator_demo.tif,5,-1,193.0,1135.0,phage,demo_ground_truth
phage_annotator_demo.tif,6,-1,194.0,1135.0,phage,demo_ground_truth
phage_annotator_demo.tif,7,-1,193.0,1136.0,phage,demo_ground_truth
phage_annotator_demo.tif,8,-1,194.0,1135.0,phage,demo_ground_truth
phage_annotator_demo.tif,9,-1,194.0,1136.0,phage,demo_ground_truth
phage_annotator_demo.tif,10,-1,194.0,1135.0,phage,demo_ground_truth
phage_annotator_demo.tif,11,-1,194.0,1135.0,phage,demo_ground_truth
phage_annotator_demo.tif,12,-1,194.0,1136.0,phage,demo_ground_truth
phage_annotator_demo.tif,13,-1,193.0,1135.0,phage,demo_ground_truth
phage_annotator_demo.tif,14,-1,193.0,1136.0,phage,demo_ground_truth
phage_annotator_demo.tif,15,-1,194.0,1136.0,phage,demo_ground_truth
phage_annotator_demo.tif,16,-1,194.0,1136.0,phage,demo_ground_truth
phage_annotator_demo.tif,17,-1,194.0,1135.0,phage,demo_ground_truth
phage_annotator_demo.tif,18,-1,193.0,1135.0,phage,demo_ground_truth
phage_annotator_demo.tif,19,-1,192.0,1136.0,phage,demo_ground_truth
phage_annotator_demo.tif,0,-1,54.0,960.0,phage,demo_ground_truth
phage_annotator_demo.tif,1,-1,55.0,960.0,phage,demo_ground_truth
phage_annotator_demo.tif,2,-1,55.0,961.0,phage,demo_ground_truth
phage_annotator_demo.tif,3,-1,54.0,960.0,phage,demo_ground_truth
phage_annotator_demo.tif,4,-1,55.0,959.0,phage,demo_ground_truth
phage_annotator_demo.tif,5,-1,55.0,960.0,phage,demo_ground_truth
phage_annotator_demo.tif,6,-1,55.0,960.0,phage,demo_ground_truth
phage_annotator_demo.tif,7,-1,56.0,960.0,phage,demo_ground_truth
phage_annotator_demo.tif,8,-1,54.0,960.0,phage,demo_ground_truth
phage_annotator_demo.tif,9,-1,55.0,960.0,phage,demo_ground_truth
phage_annotator_demo.tif,10,-1,54.0,960.0,phage,demo_ground_truth
phage_annotator_demo.tif,11,-1,54.0,960.0,phage,demo_ground_truth
phage_annotator_demo.tif,12,-1,54.0,961.0,phage,demo_ground_truth
phage_annotator_demo.tif,13,-1,55.0,960.0,phage,demo_ground_truth
phage_annotator_demo.tif,14,-1,55.0,960.0,phage,demo_ground_truth
phage_annotator_demo.tif,15,-1,54.0,960.0,phage,demo_ground_truth
phage_annotator_demo.tif,16,-1,55.0,961.0,phage,demo_ground_truth
phage_annotator_demo.tif,17,-1,54.0,961.0,phage,demo_ground_truth
phage_annotator_demo.tif,18,-1,55.0,960.0,phage,demo_ground_truth
phage_annotator_demo.tif,19,-1,54.0,961.0,phage,demo_ground_truth
phage_annotator_demo.tif,2,-1,271.0,119.0,phage,demo_ground_truth
phage_annotator_demo.tif,3,-1,271.0,118.0,phage,demo_ground_truth
phage_annotator_demo.tif,4,-1,271.0,119.0,phage,demo_ground_truth
phage_annotator_demo.tif,5,-1,271.0,118.0,phage,demo_ground_truth
phage_annotator_demo.tif,6,-1,270.0,118.0,phage,demo_ground_truth
phage_annotator_demo.tif,7,-1,270.0,119.0,phage,demo_ground_truth
phage_annotator_demo.tif,8,-1,271.0,119.0,phage,demo_ground_truth
phage_annotator_demo.tif,9,-1,272.0,118.0,phage,demo_ground_truth
phage_annotator_demo.tif,10,-1,271.0,119.0,phage,demo_ground_truth
phage_annotator_demo.tif,11,-1,270.0,118.0,phage,demo_ground_truth
phage_annotator_demo.tif,12,-1,270.0,119.0,phage,demo_ground_truth
phage_annotator_demo.tif,13,-1,270.0,120.0,phage,demo_ground_truth
phage_annotator_demo.tif,14,-1,270.0,119.0,phage,demo_ground_truth
phage_annotator_demo.tif,15,-1,271.0,118.0,phage,demo_ground_truth
phage_annotator_demo.tif,16,-1,271.0,119.0,phage,demo_ground_truth
phage_annotator_demo.tif,17,-1,271.0,118.0,phage,demo_ground_truth
phage_annotator_demo.tif,18,-1,271.0,119.0,phage,demo_ground_truth
phage_annotator_demo.tif,19,-1,271.0,119.0,phage,demo_ground_truth
phage_annotator_demo.tif,2,-1,680.0,227.0,phage,demo_ground_truth
phage_annotator_demo.tif,3,-1,680.0,227.0,phage,demo_ground_truth
phage_annotator_demo.tif,4,-1,680.0,226.0,phage,demo_ground_truth
phage_annotator_demo.tif,5,-1,681.0,226.0,phage,demo_ground_truth
phage_annotator_demo.tif,6,-1,680.0,226.0,phage,demo_ground_truth
phage_annotator_demo.tif,7,-1,681.0,227.0,phage,demo_ground_truth
phage_annotator_demo.tif,8,-1,681.0,227.0,phage,demo_ground_truth
phage_annotator_demo.tif,9,-1,680.0,226.0,phage,demo_ground_truth
phage_annotator_demo.tif,10,-1,681.0,227.0,phage,demo_ground_truth
phage_annotator_demo.tif,11,-1,681.0,227.0,phage,demo_ground_truth
phage_annotator_demo.tif,12,-1,681.0,227.0,phage,demo_ground_truth
phage_annotator_demo.tif,13,-1,680.0,227.0,phage,demo_ground_truth
phage_annotator_demo.tif,14,-1,681.0,227.0,phage,demo_ground_truth
phage_annotator_demo.tif,15,-1,682.0,226.0,phage,demo_ground_truth
phage_annotator_demo.tif,1,-1,351.0,1122.0,phage,demo_ground_truth
phage_annotator_demo.tif,2,-1,352.0,1123.0,phage,demo_ground_truth
phage_annotator_demo.tif,3,-1,352.0,1122.0,phage,demo_ground_truth
phage_annotator_demo.tif,4,-1,351.0,1122.0,phage,demo_ground_truth
phage_annotator_demo.tif,5,-1,351.0,1122.0,phage,demo_ground_truth
phage_annotator_demo.tif,6,-1,351.0,1122.0,phage,demo_ground_truth
phage_annotator_demo.tif,7,-1,352.0,1123.0,phage,demo_ground_truth
phage_annotator_demo.tif,8,-1,350.0,1122.0,phage,demo_ground_truth
phage_annotator_demo.tif,9,-1,351.0,1123.0,phage,demo_ground_truth
phage_annotator_demo.tif,10,-1,350.0,1123.0,phage,demo_ground_truth
phage_annotator_demo.tif,11,-1,352.0,1123.0,phage,demo_ground_truth
phage_annotator_demo.tif,12,-1,351.0,1122.0,phage,demo_ground_truth
phage_annotator_demo.tif,13,-1,351.0,1122.0,phage,demo_ground_truth
phage_annotator_demo.tif,14,-1,352.0,1124.0,phage,demo_ground_truth
phage_annotator_demo.tif,15,-1,351.0,1122.0,phage,demo_ground_truth
phage_annotator_demo.tif,16,-1,352.0,1123.0,phage,demo_ground_truth
phage_annotator_demo.tif,17,-1,352.0,1122.0,phage,demo_ground_truth
phage_annotator_demo.tif,3,-1,33.0,901.0,phage,demo_ground_truth
phage_annotator_demo.tif,4,-1,32.0,902.0,phage,demo_ground_truth
phage_annotator_demo.tif,5,-1,34.0,901.0,phage,demo_ground_truth
phage_annotator_demo.tif,6,-1,32.0,901.0,phage,demo_ground_truth
phage_annotator_demo.tif,7,-1,32.0,901.0,phage,demo_ground_truth
phage_annotator_demo.tif,8,-1,33.0,901.0,phage,demo_ground_truth
phage_annotator_demo.tif,9,-1,33.0,901.0,phage,demo_ground_truth
phage_annotator_demo.tif,10,-1,33.0,902.0,phage,demo_ground_truth
phage_annotator_demo.tif,11,-1,33.0,901.0,phage,demo_ground_truth
phage_annotator_demo.tif,12,-1,33.0,901.0,phage,demo_ground_truth
phage_annotator_demo.tif,13,-1,32.0,902.0,phage,demo_ground_truth
phage_annotator_demo.tif,14,-1,32.0,902.0,phage,demo_ground_truth
phage_annotator_demo.tif,15,-1,32.0,901.0,phage,demo_ground_truth
phage_annotator_demo.tif,5,-1,48.0,1120.0,phage,demo_ground_truth
phage_annotator_demo.tif,6,-1,48.0,1121.0,phage,demo_ground_truth
phage_annotator_demo.tif,7,-1,49.0,1120.0,phage,demo_ground_truth
phage_annotator_demo.tif,8,-1,49.0,1121.0,phage,demo_ground_truth
phage_annotator_demo.tif,9,-1,49.0,1121.0,phage,demo_ground_truth
phage_annotator_demo.tif,10,-1,49.0,1120.0,phage,demo_ground_truth
phage_annotator_demo.tif,11,-1,49.0,1120.0,phage,demo_ground_truth
phage_annotator_demo.tif,12,-1,48.0,1120.0,phage,demo_ground_truth
phage_annotator_demo.tif,13,-1,49.0,1120.0,phage,demo_ground_truth
phage_annotator_demo.tif,14,-1,49.0,1120.0,phage,demo_ground_truth
phage_annotator_demo.tif,15,-1,49.0,1121.0,phage,demo_ground_truth
phage_annotator_demo.tif,16,-1,49.0,1121.0,phage,demo_ground_truth
phage_annotator_demo.tif,17,-1,49.0,1121.0,phage,demo_ground_truth
phage_annotator_demo.tif,18,-1,48.0,1119.0,phage,demo_ground_truth
phage_annotator_demo.tif,19,-1,49.0,1121.0,phage,demo_ground_truth
phage_annotator_demo.tif,1,-1,172.0,1155.0,phage,demo_ground_truth
phage_annotator_demo.tif,2,-1,171.0,1155.0,phage,demo_ground_truth
phage_annotator_demo.tif,3,-1,172.0,1156.0,phage,demo_ground_truth
phage_annotator_demo.tif,4,-1,171.0,1156.0,phage,demo_ground_truth
phage_annotator_demo.tif,5,-1,172.0,1155.0,phage,demo_ground_truth
phage_annotator_demo.tif,6,-1,171.0,1155.0,phage,demo_ground_truth
phage_annotator_demo.tif,7,-1,172.0,1155.0,phage,demo_ground_truth
phage_annotator_demo.tif,8,-1,172.0,1156.0,phage,demo_ground_truth
phage_annotator_demo.tif,9,-1,172.0,1156.0,phage,demo_ground_truth
phage_annotator_demo.tif,10,-1,172.0,1155.0,phage,demo_ground_truth
phage_annotator_demo.tif,8,-1,702.0,774.0,phage,demo_ground_truth
phage_annotator_demo.tif,9,-1,702.0,774.0,phage,demo_ground_truth
phage_annotator_demo.tif,10,-1,703.0,773.0,phage,demo_ground_truth
phage_annotator_demo.tif,11,-1,703.0,773.0,phage,demo_ground_truth
phage_annotator_demo.tif,12,-1,704.0,773.0,phage,demo_ground_truth
phage_annotator_demo.tif,13,-1,703.0,773.0,phage,demo_ground_truth
phage_annotator_demo.tif,14,-1,701.0,773.0,phage,demo_ground_truth
phage_annotator_demo.tif,15,-1,702.0,775.0,phage,demo_ground_truth
phage_annotator_demo.tif,16,-1,702.0,774.0,phage,demo_ground_truth
phage_annotator_demo.tif,17,-1,703.0,773.0,phage,demo_ground_truth
phage_annotator_demo.tif,18,-1,702.0,774.0,phage,demo_ground_truth
phage_annotator_demo.tif,19,-1,704.0,773.0,phage,demo_ground_truth
phage_annotator_demo.tif,0,-1,930.0,569.0,phage,demo_ground_truth
phage_annotator_demo.tif,1,-1,930.0,569.0,phage,demo_ground_truth
phage_annotator_demo.tif,2,-1,931.0,569.0,phage,demo_ground_truth
phage_annotator_demo.tif,3,-1,930.0,569.0,phage,demo_ground_truth
phage_annotator_demo.tif,4,-1,931.0,569.0,phage,demo_ground_truth
phage_annotator_demo.tif,5,-1,930.0,568.0,phage,demo_ground_truth
phage_annotator_demo.tif,6,-1,931.0,569.0,phage,demo_ground_truth
phage_annotator_demo.tif,7,-1,930.0,569.0,phage,demo_ground_truth
phage_annotator_demo.tif,8,-1,930.0,569.0,phage,demo_ground_truth
phage_annotator_demo.tif,9,-1,931.0,570.0,phage,demo_ground_truth
phage_annotator_demo.tif,10,-1,931.0,569.0,phage,demo_ground_truth
phage_annotator_demo.tif,11,-1,931.0,568.0,phage,demo_ground_truth
phage_annotator_demo.tif,12,-1,931.0,568.0,phage,demo_ground_truth
phage_annotator_demo.tif,13,-1,930.0,569.0,phage,demo_ground_truth
phage_annotator_demo.tif,14,-1,930.0,568.0,phage,demo_ground_truth
phage_annotator_demo.tif,0,-1,410.0,181.0,phage,demo_ground_truth
phage_annotator_demo.tif,1,-1,410.0,181.0,phage,demo_ground_truth
phage_annotator_demo.tif,2,-1,409.0,182.0,phage,demo_ground_truth
phage_annotator_demo.tif,3,-1,410.0,182.0,phage,demo_ground_truth
phage_annotator_demo.tif,4,-1,408.0,181.0,phage,demo_ground_truth
phage_annotator_demo.tif,5,-1,410.0,180.0,phage,demo_ground_truth
phage_annotator_demo.tif,6,-1,410.0,182.0,phage,demo_ground_truth
phage_annotator_demo.tif,7,-1,409.0,182.0,phage,demo_ground_truth
phage_annotator_demo.tif,8,-1,409.0,181.0,phage,demo_ground_truth
phage_annotator_demo.tif,9,-1,409.0,181.0,phage,demo_ground_truth
phage_annotator_demo.tif,10,-1,409.0,181.0,phage,demo_ground_truth
phage_annotator_demo.tif,11,-1,409.0,182.0,phage,demo_ground_truth
phage_annotator_demo.tif,12,-1,410.0,181.0,phage,demo_ground_truth
phage_annotator_demo.tif,13,-1,410.0,181.0,phage,demo_ground_truth
phage_annotator_demo.tif,14,-1,410.0,181.0,phage,demo_ground_truth
phage_annotator_demo.tif,15,-1,410.0,181.0,phage,demo_ground_truth
phage_annotator_demo.tif,16,-1,409.0,182.0,phage,demo_ground_truth
phage_annotator_demo.tif,4,-1,481.0,967.0,phage,demo_ground_truth
phage_annotator_demo.tif,5,-1,480.0,966.0,phage,demo_ground_truth
phage_annotator_demo.tif,6,-1,481.0,967.0,phage,demo_ground_truth
phage_annotator_demo.tif,7,-1,480.0,966.0,phage,demo_ground_truth
phage_annotator_demo.tif,8,-1,480.0,966.0,phage,demo_ground_truth
phage_annotator_demo.tif,9,-1,481.0,966.0,phage,demo_ground_truth
phage_annotator_demo.tif,10,-1,480.0,967.0,phage,demo_ground_truth
phage_annotator_demo.tif,11,-1,481.0,966.0,phage,demo_ground_truth
phage_annotator_demo.tif,12,-1,481.0,966.0,phage,demo_ground_truth
phage_annotator_demo.tif,13,-1,481.0,967.0,phage,demo_ground_truth
phage_annotator_demo.tif,14,-1,481.0,966.0,phage,demo_ground_truth
phage_annotator_demo.tif,15,-1,481.0,966.0,phage,demo_ground_truth
phage_annotator_demo.tif,0,-1,1027.0,214.0,phage,demo_ground_truth
phage_annotator_demo.tif,1,-1,1027.0,213.0,phage,demo_ground_truth
phage_annotator_demo.tif,2,-1,1027.0,214.0,phage,demo_ground_truth
phage_annotator_demo.tif,3,-1,1028.0,213.0,phage,demo_ground_truth
phage_annotator_demo.tif,4,-1,1028.0,214.0,phage,demo_ground_truth
phage_annotator_demo.tif,5,-1,1027.0,213.0,phage,demo_ground_truth
phage_annotator_demo.tif,6,-1,1027.0,212.0,phage,demo_ground_truth
phage_annotator_demo.tif,7,-1,1028.0,214.0,phage,demo_ground_truth
phage_annotator_demo.tif,8,-1,1027.0,214.0,phage,demo_ground_truth
phage_annotator_demo.tif,9,-1,1027.0,214.0,phage,demo_ground_truth
phage_annotator_demo.tif,10,-1,1027.0,214.0,phage,demo_ground_truth
phage_annotator_demo.tif,11,-1,1027.0,213.0,phage,demo_ground_truth
phage_annotator_demo.tif,12,-1,1029.0,214.0,phage,demo_ground_truth
phage_annotator_demo.tif,13,-1,1028.0,214.0,phage,demo_ground_truth
phage_annotator_demo.tif,14,-1,1028.0,214.0,phage,demo_ground_truth
phage_annotator_demo.tif,15,-1,1027.0,213.0,phage,demo_ground_truth
phage_annotator_demo.tif,5,-1,684.0,746.0,phage,demo_ground_truth
phage_annotator_demo.tif,6,-1,684.0,746.0,phage,demo_ground_truth
phage_annotator_demo.tif,7,-1,684.0,746.0,phage,demo_ground_truth
phage_annotator_demo.tif,8,-1,684.0,746.0,phage,demo_ground_truth
phage_annotator_demo.tif,9,-1,685.0,745.0,phage,demo_ground_truth
phage_annotator_demo.tif,10,-1,685.0,746.0,phage,demo_ground_truth
phage_annotator_demo.tif,11,-1,684.0,746.0,phage,demo_ground_truth
phage_annotator_demo.tif,12,-1,685.0,745.0,phage,demo_ground_truth
phage_annotator_demo.tif,13,-1,684.0,746.0,phage,demo_ground_truth
phage_annotator_demo.tif,14,-1,685.0,746.0,phage,demo_ground_truth
phage_annotator_demo.tif,15,-1,684.0,745.0,phage,demo_ground_truth
phage_annotator_demo.tif,4,-1,443.0,981.0,phage,demo_ground_truth
phage_annotator_demo.tif,5,-1,442.0,982.0,phage,demo_ground_truth
phage_annotator_demo.tif,6,-1,443.0,981.0,phage,demo_ground_truth
phage_annotator_demo.tif,7,-1,443.0,981.0,phage,demo_ground_truth
phage_annotator_demo.tif,8,-1,442.0,982.0,phage,demo_ground_truth
phage_annotator_demo.tif,9,-1,443.0,982.0,phage,demo_ground_truth
phage_annotator_demo.tif,10,-1,443.0,982.0,phage,demo_ground_truth
phage_annotator_demo.tif,11,-1,442.0,981.0,phage,demo_ground_truth
phage_annotator_demo.tif,12,-1,442.0,982.0,phage,demo_ground_truth
phage_annotator_demo.tif,13,-1,442.0,981.0,phage,demo_ground_truth
phage_annotator_demo.tif,14,-1,442.0,981.0,phage,demo_ground_truth
phage_annotator_demo.tif,15,-1,443.0,982.0,phage,demo_ground_truth
phage_annotator_demo.tif,16,-1,442.0,981.0,phage,demo_ground_truth
phage_annotator_demo.tif,17,-1,442.0,981.0,phage,demo_ground_truth
phage_annotator_demo.tif,18,-1,442.0,982.0,phage,demo_ground_truth
phage_annotator_demo.tif,8,-1,640.0,1019.0,phage,demo_ground_truth
phage_annotator_demo.tif,9,-1,642.0,1018.0,phage,demo_ground_truth
phage_annotator_demo.tif,10,-1,640.0,1019.0,phage,demo_ground_truth
phage_annotator_demo.tif,11,-1,641.0,1019.0,phage,demo_ground_truth
phage_annotator_demo.tif,12,-1,641.0,1018.0,phage,demo_ground_truth
phage_annotator_demo.tif,13,-1,641.0,1017.0,phage,demo_ground_truth
phage_annotator_demo.tif,14,-1,641.0,1018.0,phage,demo_ground_truth
phage_annotator_demo.tif,15,-1,640.0,1019.0,phage,demo_ground_truth
phage_annotator_demo.tif,16,-1,641.0,1019.0,phage,demo_ground_truth
phage_annotator_demo.tif,17,-1,640.0,1018.0,phage,demo_ground_truth
phage_annotator_demo.tif,4,-1,224.0,539.0,phage,demo_ground_truth
phage_annotator_demo.tif,5,-1,223.0,539.0,phage,demo_ground_truth
phage_annotator_demo.tif,6,-1,224.0,540.0,phage,demo_ground_truth
phage_annotator_demo.tif,7,-1,224.0,539.0,phage,demo_ground_truth
phage_annotator_demo.tif,8,-1,224.0,539.0,phage,demo_ground_truth
phage_annotator_demo.tif,9,-1,224.0,539.0,phage,demo_ground_truth
phage_annotator_demo.tif,10,-1,224.0,540.0,phage,demo_ground_truth
phage_annotator_demo.tif,11,-1,223.0,539.0,phage,demo_ground_truth
phage_annotator_demo.tif,12,-1,224.0,539.0,phage,demo_ground_truth
phage_annotator_demo.tif,13,-1,223.0,539.0,phage,demo_ground_truth
phage_annotator_demo.tif,14,-1,224.0,540.0,phage,demo_ground_truth
phage_annotator_demo.tif,15,-1,223.0,540.0,phage,demo_ground_truth
phage_annotator_demo.tif,16,-1,223.0,540.0,phage,demo_ground_truth
phage_annotator_demo.tif,6,-1,55.0,489.0,phage,demo_ground_truth
phage_annotator_demo.tif,7,-1,55.0,488.0,phage,demo_ground_truth
phage_annotator_demo.tif,8,-1,57.0,489.0,phage,demo_ground_truth
phage_annotator_demo.tif,9,-1,55.0,488.0,phage,demo_ground_truth
phage_annotator_demo.tif,10,-1,55.0,488.0,phage,demo_ground_truth
phage_annotator_demo.tif,11,-1,55.0,488.0,phage,demo_ground_truth
phage_annotator_demo.tif,12,-1,55.0,489.0,phage,demo_ground_truth
phage_annotator_demo.tif,13,-1,56.0,488.0,phage,demo_ground_truth
phage_annotator_demo.tif,14,-1,56.0,488.0,phage,demo_ground_truth
phage_annotator_demo.tif,15,-1,56.0,489.0,phage,demo_ground_truth
phage_annotator_demo.tif,16,-1,56.0,488.0,phage,demo_ground_truth
phage_annotator_demo.tif,17,-1,56.0,489.0,phage,demo_ground_truth
phage_annotator_demo.tif,18,-1,56.0,489.0,phage,demo_ground_truth
phage_annotator_demo.tif,0,-1,531.0,431.0,phage,demo_ground_truth
phage_annotator_demo.tif,1,-1,531.0,432.0,phage,demo_ground_truth
phage_annotator_demo.tif,2,-1,532.0,433.0,phage,demo_ground_truth
phage_annotator_demo.tif,3,-1,532.0,433.0,phage,demo_ground_truth
phage_annotator_demo.tif,4,-1,531.0,432.0,phage,demo_ground_truth
phage_annotator_demo.tif,5,-1,532.0,432.0,phage,demo_ground_truth
phage_annotator_demo.tif,6,-1,530.0,432.0,phage,demo_ground_truth
phage_annotator_demo.tif,7,-1,531.0,433.0,phage,demo_ground_truth
phage_annotator_demo.tif,8,-1,532.0,434.0,phage,demo_ground_truth
phage_annotator_demo.tif,9,-1,532.0,433.0,phage,demo_ground_truth
phage_annotator_demo.tif,10,-1,531.0,432.0,phage,demo_ground_truth
phage_annotator_demo.tif,11,-1,531.0,432.0,phage,demo_ground_truth
phage_annotator_demo.tif,12,-1,532.0,432.0,phage,demo_ground_truth
phage_annotator_demo.tif,13,-1,532.0,433.0,phage,demo_ground_truth
phage_annotator_demo.tif,14,-1,531.0,433.0,phage,demo_ground_truth
phage_annotator_demo.tif,15,-1,532.0,432.0,phage,demo_ground_truth
phage_annotator_demo.tif,16,-1,531.0,432.0,phage,demo_ground_truth
phage_annotator_demo.tif,17,-1,532.0,433.0,phage,demo_ground_truth
phage_annotator_demo.tif,18,-1,531.0,432.0,phage,demo_ground_truth
phage_annotator_demo.tif,19,-1,532.0,432.0,phage,demo_ground_truth
phage_annotator_demo.tif,1,-1,1098.0,931.0,phage,demo_ground_truth
phage_annotator_demo.tif,2,-1,1098.0,931.0,phage,demo_ground_truth
phage_annotator_demo.tif,3,-1,1098.0,930.0,phage,demo_ground_truth
phage_annotator_demo.tif,4,-1,1098.0,931.0,phage,demo_ground_truth
phage_annotator_demo.tif,5,-1,1098.0,930.0,phage,demo_ground_truth
phage_annotator_demo.tif,6,-1,1098.0,930.0,phage,demo_ground_truth
phage_annotator_demo.tif,7,-1,1099.0,931.0,phage,demo_ground_truth
phage_annotator_demo.tif,8,-1,1098.0,931.0,phage,demo_ground_truth
phage_annotator_demo.tif,9,-1,1098.0,931.0,phage,demo_ground_truth
phage_annotator_demo.tif,10,-1,1099.0,929.0,phage,demo_ground_truth
phage_annotator_demo.tif,11,-1,1099.0,930.0,phage,demo_ground_truth
phage_annotator_demo.tif,12,-1,1098.0,931.0,phage,demo_ground_truth
phage_annotator_demo.tif,13,-1,1098.0,931.0,phage,demo_ground_truth
phage_annotator_demo.tif,14,-1,1097.0,931.0,phage,demo_ground_truth
phage_annotator_demo.tif,15,-1,1099.0,931.0,phage,demo_ground_truth
phage_annotator_demo.tif,16,-1,1098.0,931.0,phage,demo_ground_truth
phage_annotator_demo.tif,17,-1,1099.0,930.0,phage,demo_ground_truth
phage_annotator_demo.tif,18,-1,1099.0,930.0,phage,demo_ground_truth
phage_annotator_demo.tif,19,-1,1098.0,931.0,phage,demo_ground_truth
phage_annotator_demo.tif,10,-1,789.0,468.0,phage,demo_ground_truth
phage_annotator_demo.tif,11,-1,789.0,467.0,phage,demo_ground_truth
phage_annotator_demo.tif,12,-1,790.0,468.0,phage,demo_ground_truth
phage_annotator_demo.tif,13,-1,789.0,466.0,phage,demo_ground_truth
phage_annotator_demo.tif,14,-1,790.0,468.0,phage,demo_ground_truth
phage_annotator_demo.tif,15,-1,789.0,468.0,phage,demo_ground_truth
phage_annotator_demo.tif,16,-1,790.0,467.0,phage,demo_ground_truth
phage_annotator_demo.tif,17,-1,789.0,468.0,phage,demo_ground_truth
phage_annotator_demo.tif,18,-1,789.0,468.0,phage,demo_ground_truth
phage_annotator_demo.tif,19,-1,790.0,468.0,phage,demo_ground_truth
phage_annotator_demo.tif,0,-1,203.0,365.0,phage,demo_ground_truth
phage_annotator_demo.tif,1,-1,202.0,365.0,phage,demo_ground_truth
phage_annotator_demo.tif,2,-1,202.0,364.0,phage,demo_ground_truth
phage_annotator_demo.tif,3,-1,202.0,364.0,phage,demo_ground_truth
phage_annotator_demo.tif,4,-1,202.0,365.0,phage,demo_ground_truth
phage_annotator_demo.tif,5,-1,203.0,363.0,phage,demo_ground_truth
phage_annotator_demo.tif,6,-1,203.0,365.0,phage,demo_ground_truth
phage_annotator_demo.tif,7,-1,203.0,365.0,phage,demo_ground_truth
phage_annotator_demo.tif,8,-1,203.0,364.0,phage,demo_ground_truth
phage_annotator_demo.tif,9,-1,203.0,365.0,phage,demo_ground_truth
phage_annotator_demo.tif,10,-1,203.0,365.0,phage,demo_ground_truth
phage_annotator_demo.tif,11,-1,202.0,365.0,phage,demo_ground_truth
phage_annotator_demo.tif,12,-1,203.0,365.0,phage,demo_ground_truth
phage_annotator_demo.tif,13,-1,202.0,366.0,phage,demo_ground_truth
phage_annotator_demo.tif,14,-1,203.0,365.0,phage,demo_ground_truth
phage_annotator_demo.tif,15,-1,202.0,364.0,phage,demo_ground_truth
phage_annotator_demo.tif,16,-1,202.0,364.0,phage,demo_ground_truth
phage_annotator_demo.tif,17,-1,202.0,365.0,phage,demo_ground_truth
phage_annotator_demo.tif,18,-1,203.0,364.0,phage,demo_ground_truth
phage_annotator_demo.tif,1,-1,167.0,1175.0,phage,demo_ground_truth
phage_annotator_demo.tif,2,-1,166.0,1175.0,phage,demo_ground_truth
phage_annotator_demo.tif,3,-1,167.0,1176.0,phage,demo_ground_truth
phage_annotator_demo.tif,4,-1,167.0,1177.0,phage,demo_ground_truth
phage_annotator_demo.tif,5,-1,167.0,1176.0,phage,demo_ground_truth
phage_annotator_demo.tif,6,-1,166.0,1174.0,phage,demo_ground_truth
phage_annotator_demo.tif,7,-1,165.0,1176.0,phage,demo_ground_truth
phage_annotator_demo.tif,8,-1,166.0,1175.0,phage,demo_ground_truth
phage_annotator_demo.tif,9,-1,167.0,1176.0,phage,demo_ground_truth
phage_annotator_demo.tif,10,-1,167.0,1176.0,phage,demo_ground_truth
phage_annotator_demo.tif,11,-1,167.0,1176.0,phage,demo_ground_truth
phage_annotator_demo.tif,12,-1,167.0,1176.0,phage,demo_ground_truth
phage_annotator_demo.tif,13,-1,167.0,1175.0,phage,demo_ground_truth
phage_annotator_demo.tif,2,-1,741.0,769.0,phage,demo_ground_truth
phage_annotator_demo.tif,3,-1,742.0,769.0,phage,demo_ground_truth
phage_annotator_demo.tif,4,-1,741.0,769.0,phage,demo_ground_truth
phage_annotator_demo.tif,5,-1,742.0,769.0,phage,demo_ground_truth
phage_annotator_demo.tif,6,-1,741.0,769.0,phage,demo_ground_truth
phage_annotator_demo.tif,7,-1,742.0,770.0,phage,demo_ground_truth
phage_annotator_demo.tif,8,-1,741.0,770.0,phage,demo_ground_truth
phage_annotator_demo.tif,9,-1,743.0,770.0,phage,demo_ground_truth
phage_annotator_demo.tif,10,-1,742.0,770.0,phage,demo_ground_truth
phage_annotator_demo.tif,11,-1,741.0,769.0,phage,demo_ground_truth
phage_annotator_demo.tif,12,-1,742.0,769.0,phage,demo_ground_truth
phage_annotator_demo.tif,13,-1,742.0,770.0,phage,demo_ground_truth
phage_annotator_demo.tif,14,-1,742.0,769.0,phage,demo_ground_truth
phage_annotator_demo.tif,15,-1,741.0,769.0,phage,demo_ground_truth
phage_annotator_demo.tif,16,-1,742.0,770.0,phage,demo_ground_truth
phage_annotator_demo.tif,17,-1,742.0,770.0,phage,demo_ground_truth
phage_annotator_demo.tif,18,-1,742.0,770.0,phage,demo_ground_truth
phage_annotator_demo.tif,19,-1,742.0,769.0,phage,demo_ground_truth
phage_annotator_demo.tif,7,-1,691.0,369.0,phage,demo_ground_truth
phage_annotator_demo.tif,8,-1,691.0,370.0,phage,demo_ground_truth
phage_annotator_demo.tif,9,-1,690.0,369.0,phage,demo_ground_truth
phage_annotator_demo.tif,10,-1,690.0,369.0,phage,demo_ground_truth
phage_annotator_demo.tif,11,-1,691.0,369.0,phage,demo_ground_truth
phage_annotator_demo.tif,12,-1,690.0,370.0,phage,demo_ground_truth
phage_annotator_demo.tif,13,-1,691.0,370.0,phage,demo_ground_truth
phage_annotator_demo.tif,14,-1,690.0,369.0,phage,demo_ground_truth
phage_annotator_demo.tif,15,-1,691.0,369.0,phage,demo_ground_truth
phage_annotator_demo.tif,16,-1,691.0,370.0,phage,demo_ground_truth
phage_annotator_demo.tif,3,-1,452.0,1096.0,phage,demo_ground_truth
phage_annotator_demo.tif,4,-1,452.0,1097.0,phage,demo_ground_truth
phage_annotator_demo.tif,5,-1,452.0,1097.0,phage,demo_ground_truth
phage_annotator_demo.tif,6,-1,453.0,1095.0,phage,demo_ground_truth
phage_annotator_demo.tif,7,-1,453.0,1097.0,phage,demo_ground_truth
phage_annotator_demo.tif,8,-1,453.0,1097.0,phage,demo_ground_truth
phage_annotator_demo.tif,9,-1,452.0,1096.0,phage,demo_ground_truth
phage_annotator_demo.tif,10,-1,453.0,1097.0,phage,demo_ground_truth
phage_annotator_demo.tif,11,-1,453.0,1096.0,phage,demo_ground_truth
phage_annotator_demo.tif,12,-1,452.0,1096.0,phage,demo_ground_truth
phage_annotator_demo.tif,13,-1,453.0,1097.0,phage,demo_ground_truth
phage_annotator_demo.tif,14,-1,453.0,1097.0,phage,demo_ground_truth
phage_annotator_demo.tif,15,-1,452.0,1097.0,phage,demo_ground_truth
phage_annotator_demo.tif,0,-1,872.0,661.0,phage,demo_ground_truth
phage_annotator_demo.tif,1,-1,873.0,661.0,phage,demo_ground_truth
phage_annotator_demo.tif,2,-1,871.0,661.0,phage,demo_ground_truth
phage_annotator_demo.tif,3,-1,873.0,661.0,phage,demo_ground_truth
phage_annotator_demo.tif,4,-1,872.0,661.0,phage,demo_ground_truth
phage_annotator_demo.tif,5,-1,873.0,662.0,phage,demo_ground_truth
phage_annotator_demo.tif,6,-1,872.0,661.0,phage,demo_ground_truth
phage_annotator_demo.tif,7,-1,872.0,661.0,phage,demo_ground_truth
phage_annotator_demo.tif,8,-1,872.0,662.0,phage,demo_ground_truth
phage_annotator_demo.tif,9,-1,872.0,662.0,phage,demo_ground_truth
phage_annotator_demo.tif,10,-1,873.0,662.0,phage,demo_ground_truth
phage_annotator_demo.tif,11,-1,872.0,661.0,phage,demo_ground_truth
phage_annotator_demo.tif,12,-1,872.0,662.0,phage,demo_ground_truth
phage_annotator_demo.tif,13,-1,874.0,662.0,phage,demo_ground_truth
phage_annotator_demo.tif,4,-1,1005.0,1171.0,phage,demo_ground_truth
phage_annotator_demo.tif,5,-1,1006.0,1172.0,phage,demo_ground_truth
phage_annotator_demo.tif,6,-1,1005.0,1171.0,phage,demo_ground_truth
phage_annotator_demo.tif,7,-1,1006.0,1172.0,phage,demo_ground_truth
phage_annotator_demo.tif,8,-1,1005.0,1172.0,phage,demo_ground_truth
phage_annotator_demo.tif,9,-1,1006.0,1171.0,phage,demo_ground_truth
phage_annotator_demo.tif,10,-1,1005.0,1172.0,phage,demo_ground_truth
phage_annotator_demo.tif,11,-1,1005.0,1170.0,phage,demo_ground_truth
phage_annotator_demo.tif,12,-1,1005.0,1171.0,phage,demo_ground_truth
phage_annotator_demo.tif,13,-1,1005.0,1171.0,phage,demo_ground_truth
phage_annotator_demo.tif,14,-1,1005.0,1172.0,phage,demo_ground_truth
phage_annotator_demo.tif,15,-1,1005.0,1172.0,phage,demo_ground_truth
phage_annotator_demo.tif,16,-1,1005.0,1171.0,phage,demo_ground_truth
phage_annotator_demo.tif,17,-1,1005.0,1172.0,phage,demo_ground_truth
phage_annotator_demo.tif,5,-1,1116.0,1117.0,phage,demo_ground_truth
phage_annotator_demo.tif,6,-1,1116.0,1118.0,phage,demo_ground_truth
phage_annotator_demo.tif,7,-1,1116.0,1118.0,phage,demo_ground_truth
phage_annotator_demo.tif,8,-1,1116.0,1118.0,phage,demo_ground_truth
phage_annotator_demo.tif,9,-1,1116.0,1117.0,phage,demo_ground_truth
phage_annotator_demo.tif,10,-1,1117.0,1117.0,phage,demo_ground_truth
phage_annotator_demo.tif,11,-1,1118.0,1117.0,phage,demo_ground_truth
phage_annotator_demo.tif,12,-1,1117.0,1118.0,phage,demo_ground_truth
phage_annotator_demo.tif,13,-1,1117.0,1118.0,phage,demo_ground_truth
phage_annotator_demo.tif,14,-1,1117.0,1117.0,phage,demo_ground_truth
phage_annotator_demo.tif,15,-1,1117.0,1118.0,phage,demo_ground_truth
phage_annotator_demo.tif,16,-1,1118.0,1117.0,phage,demo_ground_truth
phage_annotator_demo.tif,4,-1,925.0,606.0,phage,demo_ground_truth
phage_annotator_demo.tif,5,-1,926.0,606.0,phage,demo_ground_truth
phage_annotator_demo.tif,6,-1,926.0,607.0,phage,demo_ground_truth
phage_annotator_demo.tif,7,-1,925.0,606.0,phage,demo_ground_truth
phage_annotator_demo.tif,8,-1,925.0,606.0,phage,demo_ground_truth
phage_annotator_demo.tif,9,-1,925.0,607.0,phage,demo_ground_truth
phage_annotator_demo.tif,10,-1,925.0,606.0,phage,demo_ground_truth
phage_annotator_demo.tif,11,-1,926.0,607.0,phage,demo_ground_truth
phage_annotator_demo.tif,12,-1,925.0,608.0,phage,demo_ground_truth
phage_annotator_demo.tif,13,-1,926.0,607.0,phage,demo_ground_truth
phage_annotator_demo.tif,14,-1,926.0,607.0,phage,demo_ground_truth
phage_annotator_demo.tif,15,-1,925.0,606.0,phage,demo_ground_truth
phage_annotator_demo.tif,16,-1,926.0,607.0,phage,demo_ground_truth
phage_annotator_demo.tif,17,-1,925.0,606.0,phage,demo_ground_truth
phage_annotator_demo.tif,18,-1,926.0,606.0,phage,demo_ground_truth
phage_annotator_demo.tif,19,-1,925.0,607.0,phage,demo_ground_truth
phage_annotator_demo.tif,1,-1,223.0,369.0,phage,demo_ground_truth
phage_annotator_demo.tif,2,-1,222.0,368.0,phage,demo_ground_truth
phage_annotator_demo.tif,3,-1,222.0,369.0,phage,demo_ground_truth
phage_annotator_demo.tif,4,-1,223.0,368.0,phage,demo_ground_truth
phage_annotator_demo.tif,5,-1,222.0,369.0,phage,demo_ground_truth
phage_annotator_demo.tif,6,-1,223.0,368.0,phage,demo_ground_truth
phage_annotator_demo.tif,7,-1,222.0,369.0,phage,demo_ground_truth
phage_annotator_demo.tif,8,-1,222.0,368.0,phage,demo_ground_truth
phage_annotator_demo.tif,9,-1,223.0,368.0,phage,demo_ground_truth
phage_annotator_demo.tif,10,-1,223.0,368.0,phage,demo_ground_truth
phage_annotator_demo.tif,11,-1,222.0,369.0,phage,demo_ground_truth
phage_annotator_demo.tif,12,-1,222.0,368.0,phage,demo_ground_truth
phage_annotator_demo.tif,13,-1,224.0,368.0,phage,demo_ground_truth
phage_annotator_demo.tif,14,-1,223.0,368.0,phage,demo_ground_truth
phage_annotator_demo.tif,15,-1,222.0,368.0,phage,demo_ground_truth
phage_annotator_demo.tif,16,-1,223.0,369.0,phage,demo_ground_truth
phage_annotator_demo.tif,17,-1,223.0,369.0,phage,demo_ground_truth
phage_annotator_demo.tif,2,-1,204.0,871.0,phage,demo_ground_truth
phage_annotator_demo.tif,3,-1,204.0,871.0,phage,demo_ground_truth
phage_annotator_demo.tif,4,-1,204.0,872.0,phage,demo_ground_truth
phage_annotator_demo.tif,5,-1,203.0,872.0,phage,demo_ground_truth
phage_annotator_demo.tif,6,-1,204.0,871.0,phage,demo_ground_truth
phage_annotator_demo.tif,7,-1,204.0,871.0,phage,demo_ground_truth
phage_annotator_demo.tif,8,-1,204.0,872.0,phage,demo_ground_truth
phage_annotator_demo.tif,9,-1,202.0,872.0,phage,demo_ground_truth
phage_annotator_demo.tif,10,-1,202.0,871.0,phage,demo_ground_truth
phage_annotator_demo.tif,11,-1,204.0,872.0,phage,demo_ground_truth
phage_annotator_demo.tif,12,-1,203.0,871.0,phage,demo_ground_truth
phage_annotator_demo.tif,13,-1,204.0,872.0,phage,demo_ground_truth
phage_annotator_demo.tif,14,-1,203.0,871.0,phage,demo_ground_truth
phage_annotator_demo.tif,15,-1,204.0,871.0,phage,demo_ground_truth
phage_annotator_demo.tif,16,-1,204.0,872.0,phage,demo_ground_truth
phage_annotator_demo.tif,17,-1,203.0,872.0,phage,demo_ground_truth
phage_annotator_demo.tif,0,-1,204.0,106.0,phage,demo_ground_truth
phage_annotator_demo.tif,1,-1,203.0,106.0,phage,demo_ground_truth
phage_annotator_demo.tif,2,-1,204.0,105.0,phage,demo_ground_truth
phage_annotator_demo.tif,3,-1,203.0,105.0,phage,demo_ground_truth
phage_annotator_demo.tif,4,-1,204.0,106.0,phage,demo_ground_truth
phage_annotator_demo.tif,5,-1,204.0,105.0,phage,demo_ground_truth
phage_annotator_demo.tif,6,-1,203.0,106.0,phage,demo_ground_truth
phage_annotator_demo.tif,7,-1,205.0,105.0,phage,demo_ground_truth
phage_annotator_demo.tif,8,-1,203.0,106.0,phage,demo_ground_truth
phage_annotator_demo.tif,9,-1,204.0,106.0,phage,demo_ground_truth
phage_annotator_demo.tif,10,-1,203.0,106.0,phage,demo_ground_truth
phage_annotator_demo.tif,11,-1,204.0,105.0,phage,demo_ground_truth
phage_annotator_demo.tif,12,-1,204.0,106.0,phage,demo_ground_truth
phage_annotator_demo.tif,13,-1,205.0,106.0,phage,demo_ground_truth
phage_annotator_demo.tif,14,-1,204.0,105.0,phage,demo_ground_truth
phage_annotator_demo.tif,15,-1,204.0,105.0,phage,demo_ground_truth
phage_annotator_demo.tif,16,-1,204.0,106.0,phage,demo_ground_truth
phage_annotator_demo.tif,17,-1,204.0,105.0,phage,demo_ground_truth
phage_annotator_demo.tif,18,-1,203.0,105.0,phage,demo_ground_truth
phage_annotator_demo.tif,19,-1,204.0,104.0,phage,demo_ground_truth
phage_annotator_demo.tif,0,-1,830.0,658.0,phage,demo_ground_truth
phage_annotator_demo.tif,1,-1,829.0,658.0,phage,demo_ground_truth
phage_annotator_demo.tif,2,-1,827.0,658.0,phage,demo_ground_truth
phage_annotator_demo.tif,3,-1,829.0,660.0,phage,demo_ground_truth
phage_annotator_demo.tif,4,-1,828.0,659.0,phage,demo_ground_truth
phage_annotator_demo.tif,5,-1,828.0,659.0,phage,demo_ground_truth
phage_annotator_demo.tif,6,-1,829.0,658.0,phage,demo_ground_truth
phage_annotator_demo.tif,7,-1,828.0,659.0,phage,demo_ground_truth
phage_annotator_demo.tif,8,-1,829.0,659.0,phage,demo_ground_truth
phage_annotator_demo.tif,9,-1,828.0,658.0,phage,demo_ground_truth
phage_annotator_demo.tif,10,-1,829.0,659.0,phage,demo_ground_truth
phage_annotator_demo.tif,11,-1,828.0,659.0,phage,demo_ground_truth
phage_annotator_demo.tif,12,-1,828.0,658.0,phage,demo_ground_truth
phage_annotator_demo.tif,13,-1,828.0,658.0,phage,demo_ground_truth
phage_annotator_demo.tif,14,-1,829.0,658.0,phage,demo_ground_truth
phage_annotator_demo.tif,15,-1,828.0,658.0,phage,demo_ground_truth
phage_annotator_demo.tif,16,-1,829.0,659.0,phage,demo_ground_truth
phage_annotator_demo.tif,4,-1,441.0,832.0,phage,demo_ground_truth
phage_annotator_demo.tif,5,-1,441.0,832.0,phage,demo_ground_truth
phage_annotator_demo.tif,6,-1,441.0,831.0,phage,demo_ground_truth
phage_annotator_demo.tif,7,-1,441.0,831.0,phage,demo_ground_truth
phage_annotator_demo.tif,8,-1,442.0,831.0,phage,demo_ground_truth
phage_annotator_demo.tif,9,-1,442.0,832.0,phage,demo_ground_truth
phage_annotator_demo.tif,10,-1,442.0,831.0,phage,demo_ground_truth
phage_annotator_demo.tif,11,-1,441.0,832.0,phage,demo_ground_truth
phage_annotator_demo.tif,12,-1,442.0,832.0,phage,demo_ground_truth
phage_annotator_demo.tif,13,-1,441.0,831.0,phage,demo_ground_truth
phage_annotator_demo.tif,14,-1,442.0,831.0,phage,demo_ground_truth
phage_annotator_demo.tif,15,-1,442.0,830.0,phage,demo_ground_truth
phage_annotator_demo.tif,3,-1,81.0,768.0,phage,demo_ground_truth
phage_annotator_demo.tif,4,-1,81.0,769.0,phage,demo_ground_truth
phage_annotator_demo.tif,5,-1,82.0,768.0,phage,demo_ground_truth
phage_annotator_demo.tif,6,-1,81.0,767.0,phage,demo_ground_truth
phage_annotator_demo.tif,7,-1,82.0,768.0,phage,demo_ground_truth
phage_annotator_demo.tif,8,-1,81.0,769.0,phage,demo_ground_truth
phage_annotator_demo.tif,9,-1,82.0,769.0,phage,demo_ground_truth
phage_annotator_demo.tif,10,-1,81.0,768.0,phage,demo_ground_truth
phage_annotator_demo.tif,11,-1,82.0,768.0,phage,demo_ground_truth
phage_annotator_demo.tif,12,-1,82.0,769.0,phage,demo_ground_truth
phage_annotator_demo.tif,13,-1,81.0,769.0,phage,demo_ground_truth
phage_annotator_demo.tif,6,-1,680.0,954.0,phage,demo_ground_truth
phage_annotator_demo.tif,7,-1,679.0,953.0,phage,demo_ground_truth
phage_annotator_demo.tif,8,-1,679.0,953.0,phage,demo_ground_truth
phage_annotator_demo.tif,9,-1,679.0,953.0,phage,demo_ground_truth
phage_annotator_demo.tif,10,-1,680.0,952.0,phage,demo_ground_truth
phage_annotator_demo.tif,11,-1,680.0,954.0,phage,demo_ground_truth
phage_annotator_demo.tif,12,-1,681.0,953.0,phage,demo_ground_truth
phage_annotator_demo.tif,13,-1,680.0,954.0,phage,demo_ground_truth
phage_annotator_demo.tif,14,-1,681.0,953.0,phage,demo_ground_truth
phage_annotator_demo.tif,15,-1,679.0,953.0,phage,demo_ground_truth
phage_annotator_demo.tif,0,-1,274.0,929.0,phage,demo_ground_truth
phage_annotator_demo.tif,1,-1,273.0,930.0,phage,demo_ground_truth
phage_annotator_demo.tif,2,-1,273.0,930.0,phage,demo_ground_truth
phage_annotator_demo.tif,3,-1,274.0,930.0,phage,demo_ground_truth
phage_annotator_demo.tif,4,-1,274.0,929.0,phage,demo_ground_truth
phage_annotator_demo.tif,5,-1,273.0,930.0,phage,demo_ground_truth
phage_annotator_demo.tif,6,-1,274.0,929.0,phage,demo_ground_truth
phage_annotator_demo.tif,7,-1,273.0,929.0,phage,demo_ground_truth
phage_annotator_demo.tif,8,-1,273.0,930.0,phage,demo_ground_truth
phage_annotator_demo.tif,9,-1,274.0,930.0,phage,demo_ground_truth
phage_annotator_demo.tif,10,-1,273.0,929.0,phage,demo_ground_truth
phage_annotator_demo.tif,11,-1,275.0,929.0,phage,demo_ground_truth
phage_annotator_demo.tif,12,-1,273.0,930.0,phage,demo_ground_truth
phage_annotator_demo.tif,13,-1,273.0,929.0,phage,demo_ground_truth
phage_annotator_demo.tif,14,-1,273.0,929.0,phage,demo_ground_truth
phage_annotator_demo.tif,15,-1,274.0,929.0,phage,demo_ground_truth
phage_annotator_demo.tif,16,-1,274.0,930.0,phage,demo_ground_truth
phage_annotator_demo.tif,17,-1,273.0,929.0,phage,demo_ground_truth
phage_annotator_demo.tif,18,-1,273.0,929.0,phage,demo_ground_truth
phage_annotator_demo.tif,19,-1,274.0,930.0,phage,demo_ground_truth
phage_annotator_demo.tif,1,-1,781.0,146.0,phage,demo_ground_truth
phage_annotator_demo.tif,2,-1,781.0,146.0,phage,demo_ground_truth
phage_annotator_demo.tif,3,-1,780.0,146.0,phage,demo_ground_truth
phage_annotator_demo.tif,4,-1,780.0,146.0,phage,demo_ground_truth
phage_annotator_demo.tif,5,-1,781.0,145.0,phage,demo_ground_truth
phage_annotator_demo.tif,6,-1,781.0,145.0,phage,demo_ground_truth
phage_annotator_demo.tif,7,-1,780.0,146.0,phage,demo_ground_truth
phage_annotator_demo.tif,8,-1,780.0,145.0,phage,demo_ground_truth
phage_annotator_demo.tif,9,-1,781.0,145.0,phage,demo_ground_truth
phage_annotator_demo.tif,10,-1,780.0,146.0,phage,demo_ground_truth
phage_annotator_demo.tif,11,-1,780.0,146.0,phage,demo_ground_truth
phage_annotator_demo.tif,12,-1,781.0,146.0,phage,demo_ground_truth
phage_annotator_demo.tif,13,-1,781.0,145.0,phage,demo_ground_truth
phage_annotator_demo.tif,14,-1,781.0,146.0,phage,demo_ground_truth
phage_annotator_demo.tif,15,-1,781.0,146.0,phage,demo_ground_truth
phage_annotator_demo.tif,16,-1,780.0,146.0,phage,demo_ground_truth
phage_annotator_demo.tif,17,-1,781.0,146.0,phage,demo_ground_truth
phage_annotator_demo.tif,18,-1,781.0,146.0,phage,demo_ground_truth
phage_annotator_demo.tif,19,-1,781.0,146.0,phage,demo_ground_truth
phage_annotator_demo.tif,6,-1,630.0,1091.0,phage,demo_ground_truth
phage_annotator_demo.tif,7,-1,630.0,1091.0,phage,demo_ground_truth
phage_annotator_demo.tif,8,-1,630.0,1091.0,phage,demo_ground_truth
phage_annotator_demo.tif,9,-1,631.0,1091.0,phage,demo_ground_truth
phage_annotator_demo.tif,10,-1,631.0,1092.0,phage,demo_ground_truth
phage_annotator_demo.tif,11,-1,630.0,1092.0,phage,demo_ground_truth
phage_annotator_demo.tif,12,-1,631.0,1092.0,phage,demo_ground_truth
phage_annotator_demo.tif,13,-1,630.0,1091.0,phage,demo_ground_truth
phage_annotator_demo.tif,14,-1,630.0,1092.0,phage,demo_ground_truth
phage_annotator_demo.tif,15,-1,631.0,1092.0,phage,demo_ground_truth
phage_annotator_demo.tif,16,-1,630.0,1091.0,phage,demo_ground_truth
phage_annotator_demo.tif,17,-1,630.0,1092.0,phage,demo_ground_truth
phage_annotator_demo.tif,18,-1,631.0,1091.0,phage,demo_ground_truth
phage_annotator_demo.tif,19,-1,630.0,1092.0,phage,demo_ground_truth
phage_annotator_demo.tif,3,-1,753.0,152.0,phage,demo_ground_truth
phage_annotator_demo.tif,4,-1,753.0,152.0,phage,demo_ground_truth
phage_annotator_demo.tif,5,-1,753.0,154.0,phage,demo_ground_truth
phage_annotator_demo.tif,6,-1,753.0,153.0,phage,demo_ground_truth
phage_annotator_demo.tif,7,-1,754.0,153.0,phage,demo_ground_truth
phage_annotator_demo.tif,8,-1,754.0,153.0,phage,demo_ground_truth
phage_annotator_demo.tif,9,-1,754.0,152.0,phage,demo_ground_truth
phage_annotator_demo.tif,10,-1,753.0,153.0,phage,demo_ground_truth
phage_annotator_demo.tif,11,-1,754.0,152.0,phage,demo_ground_truth
phage_annotator_demo.tif,12,-1,754.0,152.0,phage,demo_ground_truth
phage_annotator_demo.tif,13,-1,754.0,153.0,phage,demo_ground_truth
phage_annotator_demo.tif,14,-1,754.0,153.0,phage,demo_ground_truth
phage_annotator_demo.tif,15,-1,754.0,152.0,phage,demo_ground_truth
phage_annotator_demo.tif,0,-1,1070.0,229.0,phage,demo_ground_truth
phage_annotator_demo.tif,1,-1,1071.0,230.0,phage,demo_ground_truth
phage_annotator_demo.tif,2,-1,1070.0,229.0,phage,demo_ground_truth
phage_annotator_demo.tif,3,-1,1070.0,229.0,phage,demo_ground_truth
phage_annotator_demo.tif,4,-1,1071.0,228.0,phage,demo_ground_truth
phage_annotator_demo.tif,5,-1,1071.0,230.0,phage,demo_ground_truth
phage_annotator_demo.tif,6,-1,1071.0,230.0,phage,demo_ground_truth
phage_annotator_demo.tif,7,-1,1071.0,229.0,phage,demo_ground_truth
phage_annotator_demo.tif,8,-1,1071.0,229.0,phage,demo_ground_truth
phage_annotator_demo.tif,9,-1,1070.0,230.0,phage,demo_ground_truth
phage_annotator_demo.tif,10,-1,1071.0,229.0,phage,demo_ground_truth
phage_annotator_demo.tif,11,-1,1072.0,229.0,phage,demo_ground_truth
phage_annotator_demo.tif,12,-1,1071.0,229.0,phage,demo_ground_truth
phage_annotator_demo.tif,13,-1,1071.0,229.0,phage,demo_ground_truth
phage_annotator_demo.tif,14,-1,1071.0,230.0,phage,demo_ground_truth
phage_annotator_demo.tif,15,-1,1071.0,229.0,phage,demo_ground_truth
phage_annotator_demo.tif,16,-1,1071.0,229.0,phage,demo_ground_truth
phage_annotator_demo.tif,17,-1,1070.0,229.0,phage,demo_ground_truth
phage_annotator_demo.tif,18,-1,1070.0,230.0,phage,demo_ground_truth
phage_annotator_demo.tif,19,-1,1070.0,229.0,phage,demo_ground_truth
phage_annotator_demo.tif,3,-1,29.0,1012.0,phage,demo_ground_truth
phage_annotator_demo.tif,4,-1,29.0,1012.0,phage,demo_ground_truth
phage_annotator_demo.tif,5,-1,29.0,1011.0,phage,demo_ground_truth
phage_annotator_demo.tif,6,-1,28.0,1011.0,phage,demo_ground_truth
phage_annotator_demo.tif,7,-1,29.0,1011.0,phage,demo_ground_truth
phage_annotator_demo.tif,8,-1,29.0,1012.0,phage,demo_ground_truth
phage_annotator_demo.tif,9,-1,28.0,1012.0,phage,demo_ground_truth
phage_annotator_demo.tif,10,-1,29.0,1012.0,phage,demo_ground_truth
phage_annotator_demo.tif,11,-1,28.0,1011.0,phage,demo_ground_truth
phage_annotator_demo.tif,12,-1,29.0,1012.0,phage,demo_ground_truth
phage_annotator_demo.tif,13,-1,28.0,1012.0,phage,demo_ground_truth
phage_annotator_demo.tif,14,-1,28.0,1011.0,phage,demo_ground_truth
phage_annotator_demo.tif,6,-1,1072.0,862.0,phage,demo_ground_truth
phage_annotator_demo.tif,7,-1,1071.0,863.0,phage,demo_ground_truth
phage_annotator_demo.tif,8,-1,1072.0,863.0,phage,demo_ground_truth
phage_annotator_demo.tif,9,-1,1071.0,863.0,phage,demo_ground_truth
phage_annotator_demo.tif,10,-1,1072.0,863.0,phage,demo_ground_truth
phage_annotator_demo.tif,11,-1,1072.0,862.0,phage,demo_ground_truth
phage_annotator_demo.tif,12,-1,1072.0,863.0,phage,demo_ground_truth
phage_annotator_demo.tif,13,-1,1071.0,863.0,phage,demo_ground_truth
phage_annotator_demo.tif,14,-1,1072.0,862.0,phage,demo_ground_truth
phage_annotator_demo.tif,15,-1,1071.0,862.0,phage,demo_ground_truth
phage_annotator_demo.tif,0,-1,1003.0,1101.0,phage,demo_ground_truth
phage_annotator_demo.tif,1,-1,1003.0,1101.0,phage,demo_ground_truth
phage_annotator_demo.tif,2,-1,1002.0,1100.0,phage,demo_ground_truth
phage_annotator_demo.tif,3,-1,1003.0,1101.0,phage,demo_ground_truth
phage_annotator_demo.tif,4,-1,1003.0,1101.0,phage,demo_ground_truth
phage_annotator_demo.tif,5,-1,1003.0,1101.0,phage,demo_ground_truth
phage_annotator_demo.tif,6,-1,1003.0,1101.0,phage,demo_ground_truth
phage_annotator_demo.tif,7,-1,1002.0,1101.0,phage,demo_ground_truth
phage_annotator_demo.tif,8,-1,1002.0,1100.0,phage,demo_ground_truth
phage_annotator_demo.tif,9,-1,1003.0,1100.0,phage,demo_ground_truth
phage_annotator_demo.tif,10,-1,1003.0,1100.0,phage,demo_ground_truth
phage_annotator_demo.tif,11,-1,1003.0,1101.0,phage,demo_ground_truth
phage_annotator_demo.tif,12,-1,1002.0,1100.0,phage,demo_ground_truth
phage_annotator_demo.tif,13,-1,1003.0,1099.0,phage,demo_ground_truth
phage_annotator_demo.tif,14,-1,1003.0,1101.0,phage,demo_ground_truth
phage_annotator_demo.tif,15,-1,1003.0,1101.0,phage,demo_ground_truth
phage_annotator_demo.tif,16,-1,1002.0,1101.0,phage,demo_ground_truth
phage_annotator_demo.tif,3,-1,1089.0,844.0,phage,demo_ground_truth
phage_annotator_demo.tif,4,-1,1089.0,843.0,phage,demo_ground_truth
phage_annotator_demo.tif,5,-1,1089.0,844.0,phage,demo_ground_truth
phage_annotator_demo.tif,6,-1,1090.0,844.0,phage,demo_ground_truth
phage_annotator_demo.tif,7,-1,1090.0,844.0,phage,demo_ground_truth
phage_annotator_demo.tif,8,-1,1090.0,844.0,phage,demo_ground_truth
phage_annotator_demo.tif,9,-1,1090.0,844.0,phage,demo_ground_truth
phage_annotator_demo.tif,10,-1,1090.0,844.0,phage,demo_ground_truth
phage_annotator_demo.tif,11,-1,1089.0,844.0,phage,demo_ground_truth
phage_annotator_demo.tif,12,-1,1089.0,843.0,phage,demo_ground_truth
phage_annotator_demo.tif,13,-1,1090.0,843.0,phage,demo_ground_truth
phage_annotator_demo.tif,14,-1,1089.0,843.0,phage,demo_ground_truth
phage_annotator_demo.tif,15,-1,1090.0,843.0,phage,demo_ground_truth
phage_annotator_demo.tif,16,-1,1089.0,844.0,phage,demo_ground_truth
phage_annotator_demo.tif,17,-1,1089.0,843.0,phage,demo_ground_truth
phage_annotator_demo.tif,18,-1,1088.0,844.0,phage,demo_ground_truth
phage_annotator_demo.tif,19,-1,1090.0,844.0,phage,demo_ground_truth
phage_annotator_demo.tif,2,-1,47.0,423.0,phage,demo_ground_truth
phage_annotator_demo.tif,3,-1,47.0,423.0,phage,demo_ground_truth
phage_annotator_demo.tif,4,-1,47.0,422.0,phage,demo_ground_truth
phage_annotator_demo.tif,5,-1,47.0,423.0,phage,demo_ground_truth
phage_annotator_demo.tif,6,-1,46.0,423.0,phage,demo_ground_truth
phage_annotator_demo.tif,7,-1,47.0,422.0,phage,demo_ground_truth
phage_annotator_demo.tif,8,-1,47.0,423.0,phage,demo_ground_truth
phage_annotator_demo.tif,9,-1,47.0,423.0,phage,demo_ground_truth
phage_annotator_demo.tif,10,-1,47.0,423.0,phage,demo_ground_truth
phage_annotator_demo.tif,11,-1,46.0,421.0,phage,demo_ground_truth
phage_annotator_demo.tif,12,-1,47.0,423.0,phage,demo_ground_truth
phage_annotator_demo.tif,13,-1,46.0,423.0,phage,demo_ground_truth
phage_annotator_demo.tif,14,-1,47.0,423.0,phage,demo_ground_truth
phage_annotator_demo.tif,15,-1,47.0,423.0,phage,demo_ground_truth
phage_annotator_demo.tif,16,-1,47.0,423.0,phage,demo_ground_truth
phage_annotator_demo.tif,17,-1,46.0,422.0,phage,demo_ground_truth
phage_annotator_demo.tif,1,-1,588.0,926.0,phage,demo_ground_truth
phage_annotator_demo.tif,2,-1,589.0,926.0,phage,demo_ground_truth
phage_annotator_demo.tif,3,-1,589.0,926.0,phage,demo_ground_truth
phage_annotator_demo.tif,4,-1,588.0,925.0,phage,demo_ground_truth
phage_annotator_demo.tif,5,-1,588.0,925.0,phage,demo_ground_truth
phage_annotator_demo.tif,6,-1,589.0,925.0,phage,demo_ground_truth
phage_annotator_demo.tif,7,-1,589.0,925.0,phage,demo_ground_truth
phage_annotator_demo.tif,8,-1,589.0,925.0,phage,demo_ground_truth
phage_annotator_demo.tif,9,-1,588.0,926.0,phage,demo_ground_truth
phage_annotator_demo.tif,10,-1,589.0,926.0,phage,demo_ground_truth
phage_annotator_demo.tif,11,-1,589.0,925.0,phage,demo_ground_truth
phage_annotator_demo.tif,12,-1,588.0,925.0,phage,demo_ground_truth
phage_annotator_demo.tif,13,-1,588.0,926.0,phage,demo_ground_truth
phage_annotator_demo.tif,14,-1,588.0,926.0,phage,demo_ground_truth
phage_annotator_demo.tif,15,-1,588.0,927.0,phage,demo_ground_truth
phage_annotator_demo.tif,16,-1,588.0,926.0,phage,demo_ground_truth
phage_annotator_demo.tif,17,-1,589.0,925.0,phage,demo_ground_truth
phage_annotator_demo.tif,18,-1,589.0,926.0,phage,demo_ground_truth
phage_annotator_demo.tif,19,-1,589.0,925.0,phage,demo_ground_truth
phage_annotator_demo.tif,2,-1,840.0,619.0,phage,demo_ground_truth
phage_annotator_demo.tif,3,-1,841.0,619.0,phage,demo_ground_truth
phage_annotator_demo.tif,4,-1,840.0,619.0,phage,demo_ground_truth
phage_annotator_demo.tif,5,-1,841.0,619.0,phage,demo_ground_truth
phage_annotator_demo.tif,6,-1,840.0,620.0,phage,demo_ground_truth
phage_annotator_demo.tif,7,-1,841.0,621.0,phage,demo_ground_truth
phage_annotator_demo.tif,8,-1,840.0,620.0,phage,demo_ground_truth
phage_annotator_demo.tif,9,-1,841.0,619.0,phage,demo_ground_truth
phage_annotator_demo.tif,10,-1,840.0,620.0,phage,demo_ground_truth
phage_annotator_demo.tif,11,-1,840.0,619.0,phage,demo_ground_truth
phage_annotator_demo.tif,12,-1,841.0,620.0,phage,demo_ground_truth
phage_annotator_demo.tif,13,-1,841.0,620.0,phage,demo_ground_truth
phage_annotator_demo.tif,14,-1,840.0,620.0,phage,demo_ground_truth
phage_annotator_demo.tif,15,-1,840.0,619.0,phage,demo_ground_truth
phage_annotator_demo.tif,16,-1,840.0,619.0,phage,demo_ground_truth
phage_annotator_demo.tif,17,-1,841.0,620.0,phage,demo_ground_truth
phage_annotator_demo.tif,7,-1,1009.0,323.0,phage,demo_ground_truth
phage_annotator_demo.tif,8,-1,1010.0,323.0,phage,demo_ground_truth
phage_annotator_demo.tif,9,-1,1009.0,322.0,phage,demo_ground_truth
phage_annotator_demo.tif,10,-1,1010.0,323.0,phage,demo_ground_truth
phage_annotator_demo.tif,11,-1,1009.0,325.0,phage,demo_ground_truth
phage_annotator_demo.tif,12,-1,1010.0,323.0,phage,demo_ground_truth
phage_annotator_demo.tif,13,-1,1009.0,324.0,phage,demo_ground_truth
phage_annotator_demo.tif,14,-1,1009.0,324.0,phage,demo_ground_truth
phage_annotator_demo.tif,15,-1,1010.0,324.0,phage,demo_ground_truth
phage_annotator_demo.tif,16,-1,1010.0,323.0,phage,demo_ground_truth
phage_annotator_demo.tif,17,-1,1010.0,323.0,phage,demo_ground_truth
phage_annotator_demo.tif,3,-1,854.0,858.0,phage,demo_ground_truth
phage_annotator_demo.tif,4,-1,853.0,857.0,phage,demo_ground_truth
phage_annotator_demo.tif,5,-1,853.0,857.0,phage,demo_ground_truth
phage_annotator_demo.tif,6,-1,853.0,858.0,phage,demo_ground_truth
phage_annotator_demo.tif,7,-1,852.0,858.0,phage,demo_ground_truth
phage_annotator_demo.tif,8,-1,853.0,857.0,phage,demo_ground_truth
phage_annotator_demo.tif,9,-1,853.0,858.0,phage,demo_ground_truth
phage_annotator_demo.tif,10,-1,852.0,858.0,phage,demo_ground_truth
phage_annotator_demo.tif,11,-1,853.0,857.0,phage,demo_ground_truth
phage_annotator_demo.tif,12,-1,851.0,857.0,phage,demo_ground_truth
phage_annotator_demo.tif,13,-1,852.0,858.0,phage,demo_ground_truth
phage_annotator_demo.tif,14,-1,852.0,858.0,phage,demo_ground_truth
phage_annotator_demo.tif,15,-1,853.0,858.0,phage,demo_ground_truth
phage_annotator_demo.tif,16,-1,853.0,856.0,phage,demo_ground_truth
phage_annotator_demo.tif,17,-1,853.0,858.0,phage,demo_ground_truth
phage_annotator_demo.tif,18,-1,852.0,858.0,phage,demo_ground_truth
phage_annotator_demo.tif,19,-1,853.0,858.0,phage,demo_ground_truth
phage_annotator_demo.tif,9,-1,597.0,686.0,phage,demo_ground_truth
phage_annotator_demo.tif,10,-1,596.0,686.0,phage,demo_ground_truth
phage_annotator_demo.tif,11,-1,597.0,686.0,phage,demo_ground_truth
phage_annotator_demo.tif,12,-1,596.0,686.0,phage,demo_ground_truth
phage_annotator_demo.tif,13,-1,596.0,685.0,phage,demo_ground_truth
phage_annotator_demo.tif,14,-1,597.0,685.0,phage,demo_ground_truth
phage_annotator_demo.tif,15,-1,596.0,686.0,phage,demo_ground_truth
phage_annotator_demo.tif,16,-1,597.0,685.0,phage,demo_ground_truth
phage_annotator_demo.tif,17,-1,596.0,686.0,phage,demo_ground_truth
phage_annotator_demo.tif,18,-1,596.0,685.0,phage,demo_ground_truth
phage_annotator_demo.tif,19,-1,597.0,686.0,phage,demo_ground_truth
phage_annotator_demo.tif,4,-1,57.0,867.0,phage,demo_ground_truth
phage_annotator_demo.tif,5,-1,56.0,867.0,phage,demo_ground_truth
phage_annotator_demo.tif,6,-1,56.0,865.0,phage,demo_ground_truth
phage_annotator_demo.tif,7,-1,56.0,867.0,phage,demo_ground_truth
phage_annotator_demo.tif,8,-1,57.0,866.0,phage,demo_ground_truth
phage_annotator_demo.tif,9,-1,56.0,866.0,phage,demo_ground_truth
phage_annotator_demo.tif,10,-1,56.0,866.0,phage,demo_ground_truth
phage_annotator_demo.tif,11,-1,57.0,867.0,phage,demo_ground_truth
phage_annotator_demo.tif,12,-1,56.0,867.0,phage,demo_ground_truth
phage_annotator_demo.tif,13,-1,56.0,865.0,phage,demo_ground_truth
phage_annotator_demo.tif,14,-1,56.0,866.0,phage,demo_ground_truth
phage_annotator_demo.tif,9,-1,163.0,157.0,phage,demo_ground_truth
phage_annotator_demo.tif,10,-1,163.0,156.0,phage,demo_ground_truth
phage_annotator_demo.tif,11,-1,163.0,156.0,phage,demo_ground_truth
phage_annotator_demo.tif,12,-1,163.0,157.0,phage,demo_ground_truth
phage_annotator_demo.tif,13,-1,163.0,156.0,phage,demo_ground_truth
phage_annotator_demo.tif,14,-1,164.0,156.0,phage,demo_ground_truth
phage_annotator_demo.tif,15,-1,162.0,156.0,phage,demo_ground_truth
phage_annotator_demo.tif,16,-1,164.0,157.0,phage,demo_ground_truth
phage_annotator_demo.tif,17,-1,164.0,157.0,phage,demo_ground_truth
phage_annotator_demo.tif,18,-1,163.0,157.0,phage,demo_ground_truth
phage_annotator_demo.tif,19,-1,163.0,157.0,phage,demo_ground_truth
phage_annotator_demo.tif,0,-1,785.0,81.0,phage,demo_ground_truth
phage_annotator_demo.tif,1,-1,786.0,81.0,phage,demo_ground_truth
phage_annotator_demo.tif,2,-1,785.0,80.0,phage,demo_ground_truth
phage_annotator_demo.tif,3,-1,785.0,80.0,phage,demo_ground_truth
phage_annotator_demo.tif,4,-1,785.0,81.0,phage,demo_ground_truth
phage_annotator_demo.tif,5,-1,785.0,80.0,phage,demo_ground_truth
phage_annotator_demo.tif,6,-1,785.0,81.0,phage,demo_ground_truth
phage_annotator_demo.tif,7,-1,785.0,81.0,phage,demo_ground_truth
phage_annotator_demo.tif,8,-1,785.0,80.0,phage,demo_ground_truth
phage_annotator_demo.tif,9,-1,785.0,80.0,phage,demo_ground_truth
phage_annotator_demo.tif,10,-1,786.0,81.0,phage,demo_ground_truth
phage_annotator_demo.tif,11,-1,786.0,80.0,phage,demo_ground_truth
phage_annotator_demo.tif,12,-1,786.0,81.0,phage,demo_ground_truth
phage_annotator_demo.tif,13,-1,786.0,81.0,phage,demo_ground_truth
phage_annotator_demo.tif,14,-1,786.0,81.0,phage,demo_ground_truth
phage_annotator_demo.tif,15,-1,785.0,81.0,phage,demo_ground_truth
phage_annotator_demo.tif,16,-1,785.0,80.0,phage,demo_ground_truth
phage_annotator_demo.tif,17,-1,785.0,81.0,phage,demo_ground_truth
phage_annotator_demo.tif,18,-1,785.0,81.0,phage,demo_ground_truth
phage_annotator_demo.tif,19,-1,785.0,81.0,phage,demo_ground_truth
phage_annotator_demo.tif,0,-1,1106.0,603.0,phage,demo_ground_truth
phage_annotator_demo.tif,1,-1,1105.0,603.0,phage,demo_ground_truth
phage_annotator_demo.tif,2,-1,1106.0,603.0,phage,demo_ground_truth
phage_annotator_demo.tif,3,-1,1106.0,602.0,phage,demo_ground_truth
phage_annotator_demo.tif,4,-1,1105.0,603.0,phage,demo_ground_truth
phage_annotator_demo.tif,5,-1,1106.0,603.0,phage,demo_ground_truth
phage_annotator_demo.tif,6,-1,1106.0,603.0,phage,demo_ground_truth
phage_annotator_demo.tif,7,-1,1105.0,603.0,phage,demo_ground_truth
phage_annotator_demo.tif,8,-1,1106.0,603.0,phage,demo_ground_truth
phage_annotator_demo.tif,9,-1,1106.0,603.0,phage,demo_ground_truth
phage_annotator_demo.tif,10,-1,1105.0,603.0,phage,demo_ground_truth
phage_annotator_demo.tif,11,-1,1104.0,602.0,phage,demo_ground_truth
phage_annotator_demo.tif,12,-1,1105.0,602.0,phage,demo_ground_truth
phage_annotator_demo.tif,13,-1,1105.0,602.0,phage,demo_ground_truth
phage_annotator_demo.tif,14,-1,1106.0,603.0,phage,demo_ground_truth
phage_annotator_demo.tif,15,-1,1105.0,602.0,phage,demo_ground_truth
phage_annotator_demo.tif,16,-1,1106.0,603.0,phage,demo_ground_truth
phage_annotator_demo.tif,17,-1,1107.0,602.0,phage,demo_ground_truth
phage_annotator_demo.tif,18,-1,1105.0,603.0,phage,demo_ground_truth
phage_annotator_demo.tif,3,-1,752.0,346.0,phage,demo_ground_truth
phage_annotator_demo.tif,4,-1,753.0,346.0,phage,demo_ground_truth
phage_annotator_demo.tif,5,-1,752.0,347.0,phage,demo_ground_truth
phage_annotator_demo.tif,6,-1,753.0,347.0,phage,demo_ground_truth
phage_annotator_demo.tif,7,-1,753.0,347.0,phage,demo_ground_truth
phage_annotator_demo.tif,8,-1,753.0,347.0,phage,demo_ground_truth
phage_annotator_demo.tif,9,-1,752.0,347.0,phage,demo_ground_truth
phage_annotator_demo.tif,10,-1,753.0,347.0,phage,demo_ground_truth
phage_annotator_demo.tif,11,-1,752.0,346.0,phage,demo_ground_truth
phage_annotator_demo.tif,12,-1,752.0,347.0,phage,demo_ground_truth
phage_annotator_demo.tif,13,-1,753.0,346.0,phage,demo_ground_truth
phage_annotator_demo.tif,14,-1,752.0,346.0,phage,demo_ground_truth
phage_annotator_demo.tif,15,-1,752.0,346.0,phage,demo_ground_truth
phage_annotator_demo.tif,16,-1,753.0,347.0,phage,demo_ground_truth
phage_annotator_demo.tif,17,-1,752.0,347.0,phage,demo_ground_truth
phage_annotator_demo.tif,5,-1,663.0,1169.0,phage,demo_ground_truth
phage_annotator_demo.tif,6,-1,662.0,1168.0,phage,demo_ground_truth
phage_annotator_demo.tif,7,-1,662.0,1168.0,phage,demo_ground_truth
phage_annotator_demo.tif,8,-1,662.0,1169.0,phage,demo_ground_truth
phage_annotator_demo.tif,9,-1,662.0,1168.0,phage,demo_ground_truth
phage_annotator_demo.tif,10,-1,663.0,1169.0,phage,demo_ground_truth
phage_annotator_demo.tif,11,-1,662.0,1169.0,phage,demo_ground_truth
phage_annotator_demo.tif,12,-1,664.0,1168.0,phage,demo_ground_truth
phage_annotator_demo.tif,13,-1,662.0,1169.0,phage,demo_ground_truth
phage_annotator_demo.tif,14,-1,663.0,1169.0,phage,demo_ground_truth
phage_annotator_demo.tif,15,-1,662.0,1168.0,phage,demo_ground_truth
phage_annotator_demo.tif,16,-1,662.0,1168.0,phage,demo_ground_truth
phage_annotator_demo.tif,17,-1,663.0,1169.0,phage,demo_ground_truth
phage_annotator_demo.tif,18,-1,663.0,1168.0,phage,demo_ground_truth
phage_annotator_demo.tif,19,-1,662.0,1169.0,phage,demo_ground_truth
phage_annotator_demo.tif,2,-1,1073.0,319.0,phage,demo_ground_truth
phage_annotator_demo.tif,3,-1,1073.0,320.0,phage,demo_ground_truth
phage_annotator_demo.tif,4,-1,1073.0,319.0,phage,demo_ground_truth
phage_annotator_demo.tif,5,-1,1075.0,318.0,phage,demo_ground_truth
phage_annotator_demo.tif,6,-1,1074.0,318.0,phage,demo_ground_truth
phage_annotator_demo.tif,7,-1,1073.0,319.0,phage,demo_ground_truth
phage_annotator_demo.tif,8,-1,1073.0,318.0,phage,demo_ground_truth
phage_annotator_demo.tif,9,-1,1073.0,318.0,phage,demo_ground_truth
phage_annotator_demo.tif,10,-1,1073.0,318.0,phage,demo_ground_truth
phage_annotator_demo.tif,11,-1,1073.0,318.0,phage,demo_ground_truth
phage_annotator_demo.tif,12,-1,1074.0,319.0,phage,demo_ground_truth
phage_annotator_demo.tif,13,-1,1073.0,319.0,phage,demo_ground_truth
phage_annotator_demo.tif,14,-1,1074.0,318.0,phage,demo_ground_truth
phage_annotator_demo.tif,0,-1,89.0,909.0,phage,demo_ground_truth
phage_annotator_demo.tif,1,-1,89.0,910.0,phage,demo_ground_truth
phage_annotator_demo.tif,2,-1,89.0,910.0,phage,demo_ground_truth
phage_annotator_demo.tif,3,-1,88.0,910.0,phage,demo_ground_truth
phage_annotator_demo.tif,4,-1,88.0,910.0,phage,demo_ground_truth
phage_annotator_demo.tif,5,-1,89.0,910.0,phage,demo_ground_truth
phage_annotator_demo.tif,6,-1,88.0,910.0,phage,demo_ground_truth
phage_annotator_demo.tif,7,-1,89.0,910.0,phage,demo_ground_truth
phage_annotator_demo.tif,8,-1,88.0,910.0,phage,demo_ground_truth
phage_annotator_demo.tif,9,-1,88.0,911.0,phage,demo_ground_truth
phage_annotator_demo.tif,10,-1,88.0,910.0,phage,demo_ground_truth
phage_annotator_demo.tif,11,-1,88.0,910.0,phage,demo_ground_truth
phage_annotator_demo.tif,12,-1,88.0,910.0,phage,demo_ground_truth
phage_annotator_demo.tif,0,-1,443.0,975.0,phage,demo_ground_truth
phage_annotator_demo.tif,1,-1,442.0,976.0,phage,demo_ground_truth
phage_annotator_demo.tif,2,-1,443.0,975.0,phage,demo_ground_truth
phage_annotator_demo.tif,3,-1,442.0,976.0,phage,demo_ground_truth
phage_annotator_demo.tif,4,-1,443.0,975.0,phage,demo_ground_truth
phage_annotator_demo.tif,5,-1,442.0,976.0,phage,demo_ground_truth
phage_annotator_demo.tif,6,-1,442.0,975.0,phage,demo_ground_truth
phage_annotator_demo.tif,7,-1,443.0,976.0,phage,demo_ground_truth
phage_annotator_demo.tif,8,-1,442.0,976.0,phage,demo_ground_truth
phage_annotator_demo.tif,9,-1,443.0,975.0,phage,demo_ground_truth
phage_annotator_demo.tif,10,-1,444.0,975.0,phage,demo_ground_truth
phage_annotator_demo.tif,11,-1,441.0,976.0,phage,demo_ground_truth
phage_annotator_demo.tif,12,-1,442.0,976.0,phage,demo_ground_truth
phage_annotator_demo.tif,13,-1,443.0,975.0,phage,demo_ground_truth
phage_annotator_demo.tif,14,-1,442.0,976.0,phage,demo_ground_truth
phage_annotator_demo.tif,15,-1,442.0,976.0,phage,demo_ground_truth
phage_annotator_demo.tif,16,-1,442.0,975.0,phage,demo_ground_truth
phage_annotator_demo.tif,17,-1,442.0,975.0,phage,demo_ground_truth
phage_annotator_demo.tif,18,-1,443.0,976.0,phage,demo_ground_truth
phage_annotator_demo.tif,19,-1,442.0,975.0,phage,demo_ground_truth
phage_annotator_demo.tif,2,-1,126.0,343.0,phage,demo_ground_truth
phage_annotator_demo.tif,3,-1,127.0,341.0,phage,demo_ground_truth
phage_annotator_demo.tif,4,-1,126.0,342.0,phage,demo_ground_truth
phage_annotator_demo.tif,5,-1,127.0,342.0,phage,demo_ground_truth
phage_annotator_demo.tif,6,-1,126.0,343.0,phage,demo_ground_truth
phage_annotator_demo.tif,7,-1,127.0,342.0,phage,demo_ground_truth
phage_annotator_demo.tif,8,-1,127.0,342.0,phage,demo_ground_truth
phage_annotator_demo.tif,9,-1,127.0,343.0,phage,demo_ground_truth
phage_annotator_demo.tif,10,-1,126.0,342.0,phage,demo_ground_truth
phage_annotator_demo.tif,11,-1,127.0,343.0,phage,demo_ground_truth
phage_annotator_demo.tif,12,-1,126.0,343.0,phage,demo_ground_truth
phage_annotator_demo.tif,13,-1,126.0,343.0,phage,demo_ground_truth
phage_annotator_demo.tif,14,-1,127.0,342.0,phage,demo_ground_truth
phage_annotator_demo.tif,7,-1,188.0,662.0,phage,demo_ground_truth
phage_annotator_demo.tif,8,-1,189.0,662.0,phage,demo_ground_truth
phage_annotator_demo.tif,9,-1,188.0,662.0,phage,demo_ground_truth
phage_annotator_demo.tif,10,-1,189.0,663.0,phage,demo_ground_truth
phage_annotator_demo.tif,11,-1,188.0,662.0,phage,demo_ground_truth
phage_annotator_demo.tif,12,-1,189.0,663.0,phage,demo_ground_truth
phage_annotator_demo.tif,13,-1,188.0,663.0,phage,demo_ground_truth
phage_annotator_demo.tif,14,-1,189.0,662.0,phage,demo_ground_truth
phage_annotator_demo.tif,15,-1,189.0,663.0,phage,demo_ground_truth
phage_annotator_demo.tif,16,-1,188.0,663.0,phage,demo_ground_truth
phage_annotator_demo.tif,17,-1,188.0,662.0,phage,demo_ground_truth
phage_annotator_demo.tif,18,-1,188.0,663.0,phage,demo_ground_truth
phage_annotator_demo.tif,19,-1,188.0,663.0,phage,demo_ground_truth
phage_annotator_demo.tif,0,-1,338.0,801.0,phage,demo_ground_truth
phage_annotator_demo.tif,1,-1,339.0,802.0,phage,demo_ground_truth
phage_annotator_demo.tif,2,-1,338.0,803.0,phage,demo_ground_truth
phage_annotator_demo.tif,3,-1,338.0,802.0,phage,demo_ground_truth
phage_annotator_demo.tif,4,-1,338.0,802.0,phage,demo_ground_truth
phage_annotator_demo.tif,5,-1,339.0,802.0,phage,demo_ground_truth
phage_annotator_demo.tif,6,-1,338.0,801.0,phage,demo_ground_truth
phage_annotator_demo.tif,7,-1,338.0,802.0,phage,demo_ground_truth
phage_annotator_demo.tif,8,-1,339.0,801.0,phage,demo_ground_truth
phage_annotator_demo.tif,9,-1,339.0,802.0,phage,demo_ground_truth
phage_annotator_demo.tif,10,-1,338.0,802.0,phage,demo_ground_truth
phage_annotator_demo.tif,11,-1,339.0,802.0,phage,demo_ground_truth
phage_annotator_demo.tif,12,-1,339.0,802.0,phage,demo_ground_truth
phage_annotator_demo.tif,13,-1,339.0,802.0,phage,demo_ground_truth
phage_annotator_demo.tif,14,-1,338.0,802.0,phage,demo_ground_truth
phage_annotator_demo.tif,15,-1,339.0,802.0,phage,demo_ground_truth
phage_annotator_demo.tif,3,-1,561.0,245.0,phage,demo_ground_truth
phage_annotator_demo.tif,4,-1,562.0,244.0,phage,demo_ground_truth
phage_annotator_demo.tif,5,-1,562.0,245.0,phage,demo_ground_truth
phage_annotator_demo.tif,6,-1,563.0,245.0,phage,demo_ground_truth
phage_annotator_demo.tif,7,-1,562.0,245.0,phage,demo_ground_truth
phage_annotator_demo.tif,8,-1,561.0,244.0,phage,demo_ground_truth
phage_annotator_demo.tif,9,-1,562.0,245.0,phage,demo_ground_truth
phage_annotator_demo.tif,10,-1,561.0,245.0,phage,demo_ground_truth
phage_annotator_demo.tif,11,-1,561.0,245.0,phage,demo_ground_truth
phage_annotator_demo.tif,12,-1,562.0,245.0,phage,demo_ground_truth
phage_annotator_demo.tif,13,-1,561.0,245.0,phage,demo_ground_truth
phage_annotator_demo.tif,14,-1,561.0,245.0,phage,demo_ground_truth
phage_annotator_demo.tif,2,-1,1106.0,430.0,phage,demo_ground_truth
phage_annotator_demo.tif,3,-1,1105.0,430.0,phage,demo_ground_truth
phage_annotator_demo.tif,4,-1,1105.0,429.0,phage,demo_ground_truth
phage_annotator_demo.tif,5,-1,1105.0,429.0,phage,demo_ground_truth
phage_annotator_demo.tif,6,-1,1106.0,429.0,phage,demo_ground_truth
phage_annotator_demo.tif,7,-1,1105.0,429.0,phage,demo_ground_truth
phage_annotator_demo.tif,8,-1,1105.0,430.0,phage,demo_ground_truth
phage_annotator_demo.tif,9,-1,1106.0,429.0,phage,demo_ground_truth
phage_annotator_demo.tif,10,-1,1106.0,429.0,phage,demo_ground_truth
phage_annotator_demo.tif,11,-1,1106.0,429.0,phage,demo_ground_truth
phage_annotator_demo.tif,12,-1,1106.0,429.0,phage,demo_ground_truth
phage_annotator_demo.tif,13,-1,1105.0,430.0,phage,demo_ground_truth
phage_annotator_demo.tif,14,-1,1106.0,430.0,phage,demo_ground_truth
phage_annotator_demo.tif,15,-1,1106.0,430.0,phage,demo_ground_truth
phage_annotator_demo.tif,16,-1,1106.0,429.0,phage,demo_ground_truth
phage_annotator_demo.tif,17,-1,1105.0,430.0,phage,demo_ground_truth
phage_annotator_demo.tif,18,-1,1106.0,429.0,phage,demo_ground_truth
phage_annotator_demo.tif,2,-1,35.0,1148.0,phage,demo_ground_truth
phage_annotator_demo.tif,3,-1,35.0,1147.0,phage,demo_ground_truth
phage_annotator_demo.tif,4,-1,35.0,1148.0,phage,demo_ground_truth
phage_annotator_demo.tif,5,-1,35.0,1147.0,phage,demo_ground_truth
phage_annotator_demo.tif,6,-1,35.0,1147.0,phage,demo_ground_truth
phage_annotator_demo.tif,7,-1,34.0,1147.0,phage,demo_ground_truth
phage_annotator_demo.tif,8,-1,35.0,1148.0,phage,demo_ground_truth
phage_annotator_demo.tif,9,-1,34.0,1147.0,phage,demo_ground_truth
phage_annotator_demo.tif,10,-1,35.0,1147.0,phage,demo_ground_truth
phage_annotator_demo.tif,11,-1,34.0,1148.0,phage,demo_ground_truth
phage_annotator_demo.tif,12,-1,35.0,1147.0,phage,demo_ground_truth
phage_annotator_demo.tif,13,-1,34.0,1147.0,phage,demo_ground_truth
phage_annotator_demo.tif,14,-1,34.0,1148.0,phage,demo_ground_truth
phage_annotator_demo.tif,15,-1,36.0,1147.0,phage,demo_ground_truth
phage_annotator_demo.tif,4,-1,1003.0,315.0,phage,demo_ground_truth
phage_annotator_demo.tif,5,-1,1004.0,316.0,phage,demo_ground_truth
phage_annotator_demo.tif,6,-1,1003.0,315.0,phage,demo_ground_truth
phage_annotator_demo.tif,7,-1,1003.0,316.0,phage,demo_ground_truth
phage_annotator_demo.tif,8,-1,1003.0,315.0,phage,demo_ground_truth
phage_annotator_demo.tif,9,-1,1003.0,315.0,phage,demo_ground_truth
phage_annotator_demo.tif,10,-1,1004.0,315.0,phage,demo_ground_truth
phage_annotator_demo.tif,11,-1,1005.0,316.0,phage,demo_ground_truth
phage_annotator_demo.tif,12,-1,1004.0,316.0,phage,demo_ground_truth
phage_annotator_demo.tif,13,-1,1004.0,315.0,phage,demo_ground_truth
phage_annotator_demo.tif,14,-1,1004.0,315.0,phage,demo_ground_truth
phage_annotator_demo.tif,15,-1,1004.0,316.0,phage,demo_ground_truth
phage_annotator_demo.tif,16,-1,1004.0,315.0,phage,demo_ground_truth
phage_annotator_demo.tif,17,-1,1003.0,316.0,phage,demo_ground_truth
phage_annotator_demo.tif,0,-1,764.0,524.0,phage,demo_ground_truth
phage_annotator_demo.tif,1,-1,765.0,523.0,phage,demo_ground_truth
phage_annotator_demo.tif,2,-1,765.0,522.0,phage,demo_ground_truth
phage_annotator_demo.tif,3,-1,764.0,523.0,phage,demo_ground_truth
phage_annotator_demo.tif,4,-1,764.0,524.0,phage,demo_ground_truth
phage_annotator_demo.tif,5,-1,764.0,523.0,phage,demo_ground_truth
phage_annotator_demo.tif,6,-1,765.0,524.0,phage,demo_ground_truth
phage_annotator_demo.tif,7,-1,764.0,523.0,phage,demo_ground_truth
phage_annotator_demo.tif,8,-1,764.0,524.0,phage,demo_ground_truth
phage_annotator_demo.tif,9,-1,765.0,524.0,phage,demo_ground_truth
phage_annotator_demo.tif,10,-1,764.0,524.0,phage,demo_ground_truth
phage_annotator_demo.tif,11,-1,764.0,524.0,phage,demo_ground_truth
phage_annotator_demo.tif,12,-1,765.0,523.0,phage,demo_ground_truth
phage_annotator_demo.tif,13,-1,765.0,524.0,phage,demo_ground_truth
phage_annotator_demo.tif,14,-1,765.0,524.0,phage,demo_ground_truth
phage_annotator_demo.tif,15,-1,765.0,524.0,phage,demo_ground_truth
phage_annotator_demo.tif,16,-1,765.0,523.0,phage,demo_ground_truth
phage_annotator_demo.tif,17,-1,765.0,524.0,phage,demo_ground_truth
phage_annotator_demo.tif,18,-1,764.0,524.0,phage,demo_ground_truth
phage_annotator_demo.tif,19,-1,764.0,524.0,phage,demo_ground_truth
phage_annotator_demo.tif,0,-1,622.0,664.0,phage,demo_ground_truth
phage_annotator_demo.tif,1,-1,622.0,664.0,phage,demo_ground_truth
phage_annotator_demo.tif,2,-1,622.0,663.0,phage,demo_ground_truth
phage_annotator_demo.tif,3,-1,621.0,664.0,phage,demo_ground_truth
phage_annotator_demo.tif,4,-1,622.0,664.0,phage,demo_ground_truth
phage_annotator_demo.tif,5,-1,622.0,663.0,phage,demo_ground_truth
phage_annotator_demo.tif,6,-1,621.0,664.0,phage,demo_ground_truth
phage_annotator_demo.tif,7,-1,621.0,664.0,phage,demo_ground_truth
phage_annotator_demo.tif,8,-1,621.0,663.0,phage,demo_ground_truth
phage_annotator_demo.tif,9,-1,621.0,663.0,phage,demo_ground_truth
phage_annotator_demo.tif,10,-1,621.0,664.0,phage,demo_ground_truth
phage_annotator_demo.tif,11,-1,621.0,663.0,phage,demo_ground_truth
phage_annotator_demo.tif,12,-1,622.0,663.0,phage,demo_ground_truth
phage_annotator_demo.tif,13,-1,621.0,663.0,phage,demo_ground_truth
phage_annotator_demo.tif,14,-1,622.0,663.0,phage,demo_ground_truth
phage_annotator_demo.tif,15,-1,622.0,663.0,phage,demo_ground_truth
phage_annotator_demo.tif,16,-1,621.0,664.0,phage,demo_ground_truth
phage_annotator_demo.tif,17,-1,622.0,664.0,phage,demo_ground_truth
phage_annotator_demo.tif,18,-1,621.0,663.0,phage,demo_ground_truth
phage_annotator_demo.tif,19,-1,621.0,664.0,phage,demo_ground_truth
phage_annotator_demo.tif,2,-1,1067.0,489.0,phage,demo_ground_truth
phage_annotator_demo.tif,3,-1,1067.0,489.0,phage,demo_ground_truth
phage_annotator_demo.tif,4,-1,1067.0,490.0,phage,demo_ground_truth
phage_annotator_demo.tif,5,-1,1066.0,488.0,phage,demo_ground_truth
phage_annotator_demo.tif,6,-1,1067.0,490.0,phage,demo_ground_truth
phage_annotator_demo.tif,7,-1,1067.0,490.0,phage,demo_ground_truth
phage_annotator_demo.tif,8,-1,1066.0,489.0,phage,demo_ground_truth
phage_annotator_demo.tif,9,-1,1067.0,489.0,phage,demo_ground_truth
phage_annotator_demo.tif,10,-1,1067.0,488.0,phage,demo_ground_truth
phage_annotator_demo.tif,11,-1,1066.0,489.0,phage,demo_ground_truth
phage_annotator_demo.tif,12,-1,1066.0,491.0,phage,demo_ground_truth
phage_annotator_demo.tif,13,-1,1067.0,490.0,phage,demo_ground_truth
phage_annotator_demo.tif,14,-1,1066.0,490.0,phage,demo_ground_truth
phage_annotator_demo.tif,15,-1,1067.0,489.0,phage,demo_ground_truth
phage_annotator_demo.tif,16,-1,1067.0,489.0,phage,demo_ground_truth
phage_annotator_demo.tif,17,-1,1066.0,489.0,phage,demo_ground_truth
phage_annotator_demo.tif,18,-1,1066.0,489.0,phage,demo_ground_truth
phage_annotator_demo.tif,6,-1,540.0,1063.0,phage,demo_ground_truth
phage_annotator_demo.tif,7,-1,539.0,1063.0,phage,demo_ground_truth
phage_annotator_demo.tif,8,-1,539.0,1063.0,phage,demo_ground_truth
phage_annotator_demo.tif,9,-1,539.0,1064.0,phage,demo_ground_truth
phage_annotator_demo.tif,10,-1,539.0,1063.0,phage,demo_ground_truth
phage_annotator_demo.tif,11,-1,540.0,1064.0,phage,demo_ground_truth
phage_annotator_demo.tif,12,-1,539.0,1064.0,phage,demo_ground_truth
phage_annotator_demo.tif,13,-1,539.0,1063.0,phage,demo_ground_truth
phage_annotator_demo.tif,14,-1,540.0,1063.0,phage,demo_ground_truth
phage_annotator_demo.tif,15,-1,540.0,1063.0,phage,demo_ground_truth
phage_annotator_demo.tif,16,-1,539.0,1063.0,phage,demo_ground_truth
phage_annotator_demo.tif,5,-1,769.0,1088.0,phage,demo_ground_truth
phage_annotator_demo.tif,6,-1,769.0,1087.0,phage,demo_ground_truth
phage_annotator_demo.tif,7,-1,769.0,1087.0,phage,demo_ground_truth
phage_annotator_demo.tif,8,-1,769.0,1087.0,phage,demo_ground_truth
phage_annotator_demo.tif,9,-1,768.0,1088.0,phage,demo_ground_truth
phage_annotator_demo.tif,10,-1,767.0,1087.0,phage,demo_ground_truth
phage_annotator_demo.tif,11,-1,768.0,1087.0,phage,demo_ground_truth
phage_annotator_demo.tif,12,-1,769.0,1087.0,phage,demo_ground_truth
phage_annotator_demo.tif,13,-1,768.0,1088.0,phage,demo_ground_truth
phage_annotator_demo.tif,14,-1,769.0,1087.0,phage,demo_ground_truth
phage_annotator_demo.tif,15,-1,769.0,1088.0,phage,demo_ground_truth
phage_annotator_demo.tif,16,-1,770.0,1088.0,phage,demo_ground_truth
phage_annotator_demo.tif,0,-1,242.0,366.0,phage,demo_ground_truth
phage_annotator_demo.tif,1,-1,242.0,365.0,phage,demo_ground_truth
phage_annotator_demo.tif,2,-1,242.0,366.0,phage,demo_ground_truth
phage_annotator_demo.tif,3,-1,242.0,365.0,phage,demo_ground_truth
phage_annotator_demo.tif,4,-1,242.0,366.0,phage,demo_ground_truth
phage_annotator_demo.tif,5,-1,243.0,366.0,phage,demo_ground_truth
phage_annotator_demo.tif,6,-1,243.0,365.0,phage,demo_ground_truth
phage_annotator_demo.tif,7,-1,242.0,365.0,phage,demo_ground_truth
phage_annotator_demo.tif,8,-1,243.0,365.0,phage,demo_ground_truth
phage_annotator_demo.tif,9,-1,243.0,366.0,phage,demo_ground_truth
phage_annotator_demo.tif,10,-1,243.0,366.0,phage,demo_ground_truth
phage_annotator_demo.tif,11,-1,243.0,365.0,phage,demo_ground_truth
phage_annotator_demo.tif,12,-1,243.0,366.0,phage,demo_ground_truth
phage_annotator_demo.tif,13,-1,242.0,366.0,phage,demo_ground_truth
phage_annotator_demo.tif,14,-1,243.0,366.0,phage,demo_ground_truth
phage_annotator_demo.tif,15,-1,242.0,366.0,phage,demo_ground_truth
phage_annotator_demo.tif,1,-1,823.0,383.0,phage,demo_ground_truth
phage_annotator_demo.tif,2,-1,824.0,383.0,phage,demo_ground_truth
phage_annotator_demo.tif,3,-1,824.0,383.0,phage,demo_ground_truth
phage_annotator_demo.tif,4,-1,824.0,382.0,phage,demo_ground_truth
phage_annotator_demo.tif,5,-1,824.0,383.0,phage,demo_ground_truth
phage_annotator_demo.tif,6,-1,823.0,383.0,phage,demo_ground_truth
phage_annotator_demo.tif,7,-1,824.0,383.0,phage,demo_ground_truth
phage_annotator_demo.tif,8,-1,824.0,383.0,phage,demo_ground_truth
phage_annotator_demo.tif,9,-1,824.0,383.0,phage,demo_ground_truth
phage_annotator_demo.tif,10,-1,824.0,382.0,phage,demo_ground_truth
phage_annotator_demo.tif,11,-1,823.0,382.0,phage,demo_ground_truth
phage_annotator_demo.tif,12,-1,823.0,382.0,phage,demo_ground_truth
phage_annotator_demo.tif,13,-1,825.0,383.0,phage,demo_ground_truth
phage_annotator_demo.tif,1,-1,543.0,1036.0,phage,demo_ground_truth
phage_annotator_demo.tif,2,-1,542.0,1036.0,phage,demo_ground_truth
phage_annotator_demo.tif,3,-1,542.0,1036.0,phage,demo_ground_truth
phage_annotator_demo.tif,4,-1,542.0,1036.0,phage,demo_ground_truth
phage_annotator_demo.tif,5,-1,543.0,1035.0,phage,demo_ground_truth
phage_annotator_demo.tif,6,-1,541.0,1036.0,phage,demo_ground_truth
phage_annotator_demo.tif,7,-1,543.0,1036.0,phage,demo_ground_truth
phage_annotator_demo.tif,8,-1,542.0,1036.0,phage,demo_ground_truth
phage_annotator_demo.tif,9,-1,542.0,1036.0,phage,demo_ground_truth
phage_annotator_demo.tif,10,-1,543.0,1037.0,phage,demo_ground_truth
phage_annotator_demo.tif,11,-1,543.0,1036.0,phage,demo_ground_truth
phage_annotator_demo.tif,12,-1,542.0,1036.0,phage,demo_ground_truth
phage_annotator_demo.tif,13,-1,544.0,1036.0,phage,demo_ground_truth
phage_annotator_demo.tif,14,-1,542.0,1036.0,phage,demo_ground_truth
phage_annotator_demo.tif,15,-1,543.0,1036.0,phage,demo_ground_truth
phage_annotator_demo.tif,16,-1,543.0,1035.0,phage,demo_ground_truth
phage_annotator_demo.tif,17,-1,543.0,1035.0,phage,demo_ground_truth
phage_annotator_demo.tif,18,-1,543.0,1036.0,phage,demo_ground_truth
phage_annotator_demo.tif,9,-1,1063.0,881.0,phage,demo_ground_truth
phage_annotator_demo.tif,10,-1,1062.0,882.0,phage,demo_ground_truth
phage_annotator_demo.tif,11,-1,1062.0,881.0,phage,demo_ground_truth
phage_annotator_demo.tif,12,-1,1062.0,882.0,phage,demo_ground_truth
phage_annotator_demo.tif,13,-1,1062.0,882.0,phage,demo_ground_truth
phage_annotator_demo.tif,14,-1,1062.0,881.0,phage,demo_ground_truth
phage_annotator_demo.tif,15,-1,1063.0,882.0,phage,demo_ground_truth
phage_annotator_demo.tif,16,-1,1063.0,881.0,phage,demo_ground_truth
phage_annotator_demo.tif,17,-1,1062.0,882.0,phage,demo_ground_truth
phage_annotator_demo.tif,18,-1,1062.0,882.0,phage,demo_ground_truth
phage_annotator_demo.tif,19,-1,1063.0,881.0,phage,demo_ground_truth
phage_annotator_demo.tif,7,-1,366.0,910.0,phage,demo_ground_truth
phage_annotator_demo.tif,8,-1,366.0,910.0,phage,demo_ground_truth
phage_annotator_demo.tif,9,-1,366.0,910.0,phage,demo_ground_truth
phage_annotator_demo.tif,10,-1,365.0,911.0,phage,demo_ground_truth
phage_annotator_demo.tif,11,-1,366.0,911.0,phage,demo_ground_truth
phage_annotator_demo.tif,12,-1,366.0,911.0,phage,demo_ground_truth
phage_annotator_demo.tif,13,-1,366.0,911.0,phage,demo_ground_truth
phage_annotator_demo.tif,14,-1,366.0,910.0,phage,demo_ground_truth
phage_annotator_demo.tif,15,-1,365.0,910.0,phage,demo_ground_truth
phage_annotator_demo.tif,16,-1,366.0,910.0,phage,demo_ground_truth
phage_annotator_demo.tif,17,-1,366.0,911.0,phage,demo_ground_truth
phage_annotator_demo.tif,18,-1,365.0,911.0,phage,demo_ground_truth
phage_annotator_demo.tif,3,-1,675.0,705.0,phage,demo_ground_truth
phage_annotator_demo.tif,4,-1,676.0,704.0,phage,demo_ground_truth
phage_annotator_demo.tif,5,-1,675.0,704.0,phage,demo_ground_truth
phage_annotator_demo.tif,6,-1,676.0,705.0,phage,demo_ground_truth
phage_annotator_demo.tif,7,-1,675.0,705.0,phage,demo_ground_truth
phage_annotator_demo.tif,8,-1,676.0,705.0,phage,demo_ground_truth
phage_annotator_demo.tif,9,-1,675.0,705.0,phage,demo_ground_truth
phage_annotator_demo.tif,10,-1,676.0,704.0,phage,demo_ground_truth
phage_annotator_demo.tif,11,-1,675.0,704.0,phage,demo_ground_truth
phage_annotator_demo.tif,12,-1,675.0,704.0,phage,demo_ground_truth
phage_annotator_demo.tif,13,-1,676.0,704.0,phage,demo_ground_truth
phage_annotator_demo.tif,14,-1,676.0,704.0,phage,demo_ground_truth
phage_annotator_demo.tif,15,-1,676.0,704.0,phage,demo_ground_truth
phage_annotator_demo.tif,16,-1,676.0,705.0,phage,demo_ground_truth
phage_annotator_demo.tif,17,-1,675.0,704.0,phage,demo_ground_truth
phage_annotator_demo.tif,18,-1,676.0,705.0,phage,demo_ground_truth
phage_annotator_demo.tif,4,-1,577.0,46.0,phage,demo_ground_truth
phage_annotator_demo.tif,5,-1,576.0,45.0,phage,demo_ground_truth
phage_annotator_demo.tif,6,-1,577.0,45.0,phage,demo_ground_truth
phage_annotator_demo.tif,7,-1,577.0,45.0,phage,demo_ground_truth
phage_annotator_demo.tif,8,-1,576.0,45.0,phage,demo_ground_truth
phage_annotator_demo.tif,9,-1,576.0,45.0,phage,demo_ground_truth
phage_annotator_demo.tif,10,-1,576.0,44.0,phage,demo_ground_truth
phage_annotator_demo.tif,11,-1,577.0,45.0,phage,demo_ground_truth
phage_annotator_demo.tif,12,-1,577.0,45.0,phage,demo_ground_truth
phage_annotator_demo.tif,13,-1,577.0,44.0,phage,demo_ground_truth
phage_annotator_demo.tif,2,-1,1081.0,464.0,phage,demo_ground_truth
phage_annotator_demo.tif,3,-1,1081.0,464.0,phage,demo_ground_truth
phage_annotator_demo.tif,4,-1,1081.0,465.0,phage,demo_ground_truth
phage_annotator_demo.tif,5,-1,1081.0,465.0,phage,demo_ground_truth
phage_annotator_demo.tif,6,-1,1082.0,464.0,phage,demo_ground_truth
phage_annotator_demo.tif,7,-1,1082.0,464.0,phage,demo_ground_truth
phage_annotator_demo.tif,8,-1,1081.0,465.0,phage,demo_ground_truth
phage_annotator_demo.tif,9,-1,1082.0,464.0,phage,demo_ground_truth
phage_annotator_demo.tif,10,-1,1081.0,463.0,phage,demo_ground_truth
phage_annotator_demo.tif,11,-1,1081.0,464.0,phage,demo_ground_truth
phage_annotator_demo.tif,12,-1,1082.0,465.0,phage,demo_ground_truth
phage_annotator_demo.tif,13,-1,1081.0,465.0,phage,demo_ground_truth
phage_annotator_demo.tif,14,-1,1082.0,464.0,phage,demo_ground_truth
phage_annotator_demo.tif,15,-1,1082.0,465.0,phage,demo_ground_truth
phage_annotator_demo.tif,16,-1,1082.0,464.0,phage,demo_ground_truth
phage_annotator_demo.tif,17,-1,1082.0,465.0,phage,demo_ground_truth
phage_annotator_demo.tif,0,-1,1063.0,186.0,phage,demo_ground_truth
phage_annotator_demo.tif,1,-1,1063.0,187.0,phage,demo_ground_truth
phage_annotator_demo.tif,2,-1,1062.0,186.0,phage,demo_ground_truth
phage_annotator_demo.tif,3,-1,1062.0,186.0,phage,demo_ground_truth
phage_annotator_demo.tif,4,-1,1063.0,186.0,phage,demo_ground_truth
phage_annotator_demo.tif,5,-1,1063.0,187.0,phage,demo_ground_truth
phage_annotator_demo.tif,6,-1,1062.0,186.0,phage,demo_ground_truth
phage_annotator_demo.tif,7,-1,1063.0,186.0,phage,demo_ground_truth
phage_annotator_demo.tif,8,-1,1062.0,187.0,phage,demo_ground_truth
phage_annotator_demo.tif,9,-1,1062.0,187.0,phage,demo_ground_truth
phage_annotator_demo.tif,10,-1,1063.0,187.0,phage,demo_ground_truth
phage_annotator_demo.tif,11,-1,1062.0,186.0,phage,demo_ground_truth
phage_annotator_demo.tif,12,-1,1062.0,186.0,phage,demo_ground_truth
phage_annotator_demo.tif,13,-1,1063.0,187.0,phage,demo_ground_truth
phage_annotator_demo.tif,14,-1,1062.0,186.0,phage,demo_ground_truth
phage_annotator_demo.tif,15,-1,1063.0,187.0,phage,demo_ground_truth
phage_annotator_demo.tif,16,-1,1063.0,187.0,phage,demo_ground_truth
phage_annotator_demo.tif,17,-1,1062.0,186.0,phage,demo_ground_truth
phage_annotator_demo.tif,18,-1,1062.0,187.0,phage,demo_ground_truth
phage_annotator_demo.tif,19,-1,1062.0,187.0,phage,demo_ground_truth
phage_annotator_demo.tif,0,-1,130.0,840.0,phage,demo_ground_truth
phage_annotator_demo.tif,1,-1,130.0,839.0,phage,demo_ground_truth
phage_annotator_demo.tif,2,-1,130.0,841.0,phage,demo_ground_truth
phage_annotator_demo.tif,3,-1,130.0,839.0,phage,demo_ground_truth
phage_annotator_demo.tif,4,-1,130.0,839.0,phage,demo_ground_truth
phage_annotator_demo.tif,5,-1,129.0,840.0,phage,demo_ground_truth
phage_annotator_demo.tif,6,-1,129.0,839.0,phage,demo_ground_truth
phage_annotator_demo.tif,7,-1,129.0,839.0,phage,demo_ground_truth
phage_annotator_demo.tif,8,-1,129.0,840.0,phage,demo_ground_truth
phage_annotator_demo.tif,9,-1,130.0,839.0,phage,demo_ground_truth
phage_annotator_demo.tif,10,-1,129.0,840.0,phage,demo_ground_truth
phage_annotator_demo.tif,11,-1,129.0,840.0,phage,demo_ground_truth
phage_annotator_demo.tif,12,-1,129.0,839.0,phage,demo_ground_truth
phage_annotator_demo.tif,13,-1,130.0,839.0,phage,demo_ground_truth
phage_annotator_demo.tif,0,-1,611.0,602.0,phage,demo_ground_truth
phage_annotator_demo.tif,1,-1,611.0,603.0,phage,demo_ground_truth
phage_annotator_demo.tif,2,-1,611.0,602.0,phage,demo_ground_truth
phage_annotator_demo.tif,3,-1,611.0,602.0,phage,demo_ground_truth
phage_annotator_demo.tif,4,-1,611.0,602.0,phage,demo_ground_truth
phage_annotator_demo.tif,5,-1,611.0,603.0,phage,demo_ground_truth
phage_annotator_demo.tif,6,-1,612.0,603.0,phage,demo_ground_truth
phage_annotator_demo.tif,7,-1,612.0,602.0,phage,demo_ground_truth
phage_annotator_demo.tif,8,-1,611.0,602.0,phage,demo_ground_truth
phage_annotator_demo.tif,9,-1,612.0,602.0,phage,demo_ground_truth
phage_annotator_demo.tif,10,-1,612.0,603.0,phage,demo_ground_truth
phage_annotator_demo.tif,11,-1,611.0,602.0,phage,demo_ground_truth
phage_annotator_demo.tif,0,-1,452.0,371.0,phage,demo_ground_truth
phage_annotator_demo.tif,1,-1,451.0,371.0,phage,demo_ground_truth
phage_annotator_demo.tif,2,-1,451.0,372.0,phage,demo_ground_truth
phage_annotator_demo.tif,3,-1,452.0,371.0,phage,demo_ground_truth
phage_annotator_demo.tif,4,-1,452.0,372.0,phage,demo_ground_truth
phage_annotator_demo.tif,5,-1,451.0,372.0,phage,demo_ground_truth
phage_annotator_demo.tif,6,-1,452.0,371.0,phage,demo_ground_truth
phage_annotator_demo.tif,7,-1,451.0,372.0,phage,demo_ground_truth
phage_annotator_demo.tif,8,-1,451.0,372.0,phage,demo_ground_truth
phage_annotator_demo.tif,9,-1,451.0,370.0,phage,demo_ground_truth
phage_annotator_demo.tif,10,-1,451.0,371.0,phage,demo_ground_truth
phage_annotator_demo.tif,11,-1,452.0,371.0,phage,demo_ground_truth
phage_annotator_demo.tif,12,-1,452.0,371.0,phage,demo_ground_truth
phage_annotator_demo.tif,13,-1,450.0,371.0,phage,demo_ground_truth
phage_annotator_demo.tif,14,-1,451.0,371.0,phage,demo_ground_truth
phage_annotator_demo.tif,15,-1,451.0,372.0,phage,demo_ground_truth
phage_annotator_demo.tif,2,-1,666.0,313.0,phage,demo_ground_truth
phage_annotator_demo.tif,3,-1,666.0,313.0,phage,demo_ground_truth
phage_annotator_demo.tif,4,-1,666.0,314.0,phage,demo_ground_truth
phage_annotator_demo.tif,5,-1,665.0,314.0,phage,demo_ground_truth
phage_annotator_demo.tif,6,-1,666.0,313.0,phage,demo_ground_truth
phage_annotator_demo.tif,7,-1,666.0,314.0,phage,demo_ground_truth
phage_annotator_demo.tif,8,-1,666.0,313.0,phage,demo_ground_truth
phage_annotator_demo.tif,9,-1,666.0,314.0,phage,demo_ground_truth
phage_annotator_demo.tif,10,-1,666.0,314.0,phage,demo_ground_truth
phage_annotator_demo.tif,11,-1,665.0,313.0,phage,demo_ground_truth
phage_annotator_demo.tif,3,-1,487.0,620.0,phage,demo_ground_truth
phage_annotator_demo.tif,4,-1,488.0,619.0,phage,demo_ground_truth
phage_annotator_demo.tif,5,-1,487.0,619.0,phage,demo_ground_truth
phage_annotator_demo.tif,6,-1,487.0,619.0,phage,demo_ground_truth
phage_annotator_demo.tif,7,-1,487.0,619.0,phage,demo_ground_truth
phage_annotator_demo.tif,8,-1,488.0,619.0,phage,demo_ground_truth
phage_annotator_demo.tif,9,-1,488.0,620.0,phage,demo_ground_truth
phage_annotator_demo.tif,10,-1,488.0,620.0,phage,demo_ground_truth
phage_annotator_demo.tif,11,-1,488.0,620.0,phage,demo_ground_truth
phage_annotator_demo.tif,12,-1,488.0,619.0,phage,demo_ground_truth
phage_annotator_demo.tif,13,-1,487.0,620.0,phage,demo_ground_truth
phage_annotator_demo.tif,14,-1,487.0,620.0,phage,demo_ground_truth
phage_annotator_demo.tif,15,-1,486.0,620.0,phage,demo_ground_truth
phage_annotator_demo.tif,16,-1,488.0,620.0,phage,demo_ground_truth
phage_annotator_demo.tif,17,-1,487.0,619.0,phage,demo_ground_truth
phage_annotator_demo.tif,2,-1,428.0,664.0,phage,demo_ground_truth
phage_annotator_demo.tif,3,-1,428.0,664.0,phage,demo_ground_truth
phage_annotator_demo.tif,4,-1,427.0,664.0,phage,demo_ground_truth
phage_annotator_demo.tif,5,-1,428.0,664.0,phage,demo_ground_truth
phage_annotator_demo.tif,6,-1,428.0,665.0,phage,demo_ground_truth
phage_annotator_demo.tif,7,-1,427.0,665.0,phage,demo_ground_truth
phage_annotator_demo.tif,8,-1,427.0,665.0,phage,demo_ground_truth
phage_annotator_demo.tif,9,-1,428.0,663.0,phage,demo_ground_truth
phage_annotator_demo.tif,10,-1,427.0,664.0,phage,demo_ground_truth
phage_annotator_demo.tif,11,-1,428.0,664.0,phage,demo_ground_truth
phage_annotator_demo.tif,1,-1,230.0,814.0,phage,demo_ground_truth
phage_annotator_demo.tif,2,-1,230.0,814.0,phage,demo_ground_truth
phage_annotator_demo.tif,3,-1,230.0,814.0,phage,demo_ground_truth
phage_annotator_demo.tif,4,-1,229.0,813.0,phage,demo_ground_truth
phage_annotator_demo.tif,5,-1,230.0,813.0,phage,demo_ground_truth
phage_annotator_demo.tif,6,-1,229.0,814.0,phage,demo_ground_truth
phage_annotator_demo.tif,7,-1,230.0,815.0,phage,demo_ground_truth
phage_annotator_demo.tif,8,-1,230.0,814.0,phage,demo_ground_truth
phage_annotator_demo.tif,9,-1,229.0,814.0,phage,demo_ground_truth
phage_annotator_demo.tif,10,-1,229.0,813.0,phage,demo_ground_truth
phage_annotator_demo.tif,11,-1,229.0,815.0,phage,demo_ground_truth
phage_annotator_demo.tif,12,-1,230.0,813.0,phage,demo_ground_truth
phage_annotator_demo.tif,13,-1,230.0,813.0,phage,demo_ground_truth
phage_annotator_demo.tif,14,-1,230.0,814.0,phage,demo_ground_truth
phage_annotator_demo.tif,1,-1,81.0,802.0,phage,demo_ground_truth
phage_annotator_demo.tif,2,-1,82.0,803.0,phage,demo_ground_truth
phage_annotator_demo.tif,3,-1,82.0,802.0,phage,demo_ground_truth
phage_annotator_demo.tif,4,-1,81.0,803.0,phage,demo_ground_truth
phage_annotator_demo.tif,5,-1,82.0,802.0,phage,demo_ground_truth
phage_annotator_demo.tif,6,-1,82.0,802.0,phage,demo_ground_truth
phage_annotator_demo.tif,7,-1,82.0,802.0,phage,demo_ground_truth
phage_annotator_demo.tif,8,-1,81.0,803.0,phage,demo_ground_truth
phage_annotator_demo.tif,9,-1,82.0,803.0,phage,demo_ground_truth
phage_annotator_demo.tif,10,-1,81.0,803.0,phage,demo_ground_truth
phage_annotator_demo.tif,11,-1,81.0,803.0,phage,demo_ground_truth
phage_annotator_demo.tif,12,-1,82.0,802.0,phage,demo_ground_truth
phage_annotator_demo.tif,13,-1,82.0,803.0,phage,demo_ground_truth
phage_annotator_demo.tif,14,-1,81.0,803.0,phage,demo_ground_truth
phage_annotator_demo.tif,15,-1,80.0,802.0,phage,demo_ground_truth
phage_annotator_demo.tif,16,-1,82.0,802.0,phage,demo_ground_truth
phage_annotator_demo.tif,17,-1,80.0,802.0,phage,demo_ground_truth
phage_annotator_demo.tif,7,-1,550.0,476.0,phage,demo_ground_truth
phage_annotator_demo.tif,8,-1,549.0,476.0,phage,demo_ground_truth
phage_annotator_demo.tif,9,-1,550.0,477.0,phage,demo_ground_truth
phage_annotator_demo.tif,10,-1,550.0,477.0,phage,demo_ground_truth
phage_annotator_demo.tif,11,-1,549.0,476.0,phage,demo_ground_truth
phage_annotator_demo.tif,12,-1,549.0,476.0,phage,demo_ground_truth
phage_annotator_demo.tif,13,-1,549.0,477.0,phage,demo_ground_truth
phage_annotator_demo.tif,14,-1,550.0,477.0,phage,demo_ground_truth
phage_annotator_demo.tif,15,-1,549.0,476.0,phage,demo_ground_truth
phage_annotator_demo.tif,16,-1,550.0,477.0,phage,demo_ground_truth
phage_annotator_demo.tif,17,-1,550.0,477.0,phage,demo_ground_truth
phage_annotator_demo.tif,0,-1,735.0,183.0,phage,demo_ground_truth
phage_annotator_demo.tif,1,-1,734.0,183.0,phage,demo_ground_truth
phage_annotator_demo.tif,2,-1,735.0,182.0,phage,demo_ground_truth
phage_annotator_demo.tif,3,-1,733.0,183.0,phage,demo_ground_truth
phage_annotator_demo.tif,4,-1,735.0,182.0,phage,demo_ground_truth
phage_annotator_demo.tif,5,-1,734.0,182.0,phage,demo_ground_truth
phage_annotator_demo.tif,6,-1,735.0,183.0,phage,demo_ground_truth
phage_annotator_demo.tif,7,-1,734.0,183.0,phage,demo_ground_truth
phage_annotator_demo.tif,8,-1,734.0,183.0,phage,demo_ground_truth
phage_annotator_demo.tif,9,-1,734.0,182.0,phage,demo_ground_truth
phage_annotator_demo.tif,10,-1,735.0,182.0,phage,demo_ground_truth
phage_annotator_demo.tif,11,-1,735.0,182.0,phage,demo_ground_truth
phage_annotator_demo.tif,12,-1,734.0,182.0,phage,demo_ground_truth
phage_annotator_demo.tif,13,-1,734.0,183.0,phage,demo_ground_truth
phage_annotator_demo.tif,0,-1,126.0,242.0,phage,demo_ground_truth
phage_annotator_demo.tif,1,-1,125.0,242.0,phage,demo_ground_truth
phage_annotator_demo.tif,2,-1,125.0,242.0,phage,demo_ground_truth
phage_annotator_demo.tif,3,-1,125.0,242.0,phage,demo_ground_truth
phage_annotator_demo.tif,4,-1,125.0,241.0,phage,demo_ground_truth
phage_annotator_demo.tif,5,-1,126.0,242.0,phage,demo_ground_truth
phage_annotator_demo.tif,6,-1,126.0,242.0,phage,demo_ground_truth
phage_annotator_demo.tif,7,-1,125.0,241.0,phage,demo_ground_truth
phage_annotator_demo.tif,8,-1,126.0,242.0,phage,demo_ground_truth
phage_annotator_demo.tif,9,-1,126.0,241.0,phage,demo_ground_truth
phage_annotator_demo.tif,10,-1,125.0,241.0,phage,demo_ground_truth
phage_annotator_demo.tif,11,-1,125.0,242.0,phage,demo_ground_truth
phage_annotator_demo.tif,12,-1,126.0,241.0,phage,demo_ground_truth
phage_annotator_demo.tif,13,-1,126.0,241.0,phage,demo_ground_truth
phage_annotator_demo.tif,14,-1,125.0,241.0,phage,demo_ground_truth
phage_annotator_demo.tif,15,-1,125.0,243.0,phage,demo_ground_truth
phage_annotator_demo.tif,16,-1,125.0,241.0,phage,demo_ground_truth
phage_annotator_demo.tif,17,-1,126.0,241.0,phage,demo_ground_truth
phage_annotator_demo.tif,18,-1,125.0,241.0,phage,demo_ground_truth
phage_annotator_demo.tif,1,-1,483.0,141.0,phage,demo_ground_truth
phage_annotator_demo.tif,2,-1,483.0,141.0,phage,demo_ground_truth
phage_annotator_demo.tif,3,-1,484.0,141.0,phage,demo_ground_truth
phage_annotator_demo.tif,4,-1,483.0,142.0,phage,demo_ground_truth
phage_annotator_demo.tif,5,-1,484.0,141.0,phage,demo_ground_truth
phage_annotator_demo.tif,6,-1,483.0,142.0,phage,demo_ground_truth
phage_annotator_demo.tif,7,-1,484.0,142.0,phage,demo_ground_truth
phage_annotator_demo.tif,8,-1,484.0,142.0,phage,demo_ground_truth
phage_annotator_demo.tif,9,-1,484.0,141.0,phage,demo_ground_truth
phage_annotator_demo.tif,10,-1,484.0,142.0,phage,demo_ground_truth
phage_annotator_demo.tif,11,-1,484.0,141.0,phage,demo_ground_truth
phage_annotator_demo.tif,12,-1,483.0,141.0,phage,demo_ground_truth
phage_annotator_demo.tif,13,-1,484.0,142.0,phage,demo_ground_truth
phage_annotator_demo.tif,14,-1,483.0,142.0,phage,demo_ground_truth
phage_annotator_demo.tif,15,-1,483.0,140.0,phage,demo_ground_truth
phage_annotator_demo.tif,16,-1,484.0,141.0,phage,demo_ground_truth
phage_annotator_demo.tif,17,-1,484.0,142.0,phage,demo_ground_truth
phage_annotator_demo.tif,18,-1,484.0,141.0,phage,demo_ground_truth
phage_annotator_demo.tif,19,-1,483.0,141.0,phage,demo_ground_truth
phage_annotator_demo.tif,0,-1,1091.0,1087.0,phage,demo_ground_truth
phage_annotator_demo.tif,1,-1,1092.0,1088.0,phage,demo_ground_truth
phage_annotator_demo.tif,2,-1,1091.0,1088.0,phage,demo_ground_truth
phage_annotator_demo.tif,3,-1,1092.0,1088.0,phage,demo_ground_truth
phage_annotator_demo.tif,4,-1,1092.0,1088.0,phage,demo_ground_truth
phage_annotator_demo.tif,5,-1,1091.0,1089.0,phage,demo_ground_truth
phage_annotator_demo.tif,6,-1,1092.0,1089.0,phage,demo_ground_truth
phage_annotator_demo.tif,7,-1,1092.0,1090.0,phage,demo_ground_truth
phage_annotator_demo.tif,8,-1,1092.0,1088.0,phage,demo_ground_truth
phage_annotator_demo.tif,9,-1,1092.0,1089.0,phage,demo_ground_truth
phage_annotator_demo.tif,10,-1,1093.0,1088.0,phage,demo_ground_truth
phage_annotator_demo.tif,11,-1,1092.0,1089.0,phage,demo_ground_truth
phage_annotator_demo.tif,12,-1,1091.0,1089.0,phage,demo_ground_truth
phage_annotator_demo.tif,13,-1,1092.0,1089.0,phage,demo_ground_truth
phage_annotator_demo.tif,14,-1,1092.0,1089.0,phage,demo_ground_truth
phage_annotator_demo.tif,15,-1,1092.0,1089.0,phage,demo_ground_truth
phage_annotator_demo.tif,0,-1,841.0,256.0,phage,demo_ground_truth
phage_annotator_demo.tif,1,-1,842.0,255.0,phage,demo_ground_truth
phage_annotator_demo.tif,2,-1,842.0,256.0,phage,demo_ground_truth
phage_annotator_demo.tif,3,-1,841.0,255.0,phage,demo_ground_truth
phage_annotator_demo.tif,4,-1,842.0,255.0,phage,demo_ground_truth
phage_annotator_demo.tif,5,-1,841.0,256.0,phage,demo_ground_truth
phage_annotator_demo.tif,6,-1,842.0,256.0,phage,demo_ground_truth
phage_annotator_demo.tif,7,-1,842.0,255.0,phage,demo_ground_truth
phage_annotator_demo.tif,8,-1,842.0,254.0,phage,demo_ground_truth
phage_annotator_demo.tif,9,-1,841.0,255.0,phage,demo_ground_truth
phage_annotator_demo.tif,10,-1,841.0,255.0,phage,demo_ground_truth
phage_annotator_demo.tif,11,-1,841.0,254.0,phage,demo_ground_truth
phage_annotator_demo.tif,12,-1,842.0,256.0,phage,demo_ground_truth
phage_annotator_demo.tif,13,-1,842.0,256.0,phage,demo_ground_truth
phage_annotator_demo.tif,14,-1,841.0,255.0,phage,demo_ground_truth
phage_annotator_demo.tif,15,-1,842.0,256.0,phage,demo_ground_truth
phage_annotator_demo.tif,16,-1,842.0,256.0,phage,demo_ground_truth
phage_annotator_demo.tif,17,-1,842.0,255.0,phage,demo_ground_truth
phage_annotator_demo.tif,18,-1,842.0,255.0,phage,demo_ground_truth
phage_annotator_demo.tif,19,-1,842.0,255.0,phage,demo_ground_truth
phage_annotator_demo.tif,2,-1,91.0,531.0,phage,demo_ground_truth
phage_annotator_demo.tif,3,-1,92.0,530.0,phage,demo_ground_truth
phage_annotator_demo.tif,4,-1,91.0,530.0,phage,demo_ground_truth
phage_annotator_demo.tif,5,-1,91.0,531.0,phage,demo_ground_truth
phage_annotator_demo.tif,6,-1,91.0,531.0,phage,demo_ground_truth
phage_annotator_demo.tif,7,-1,90.0,530.0,phage,demo_ground_truth
phage_annotator_demo.tif,8,-1,91.0,530.0,phage,demo_ground_truth
phage_annotator_demo.tif,9,-1,90.0,530.0,phage,demo_ground_truth
phage_annotator_demo.tif,10,-1,90.0,530.0,phage,demo_ground_truth
phage_annotator_demo.tif,11,-1,91.0,530.0,phage,demo_ground_truth
phage_annotator_demo.tif,12,-1,90.0,531.0,phage,demo_ground_truth
phage_annotator_demo.tif,13,-1,90.0,532.0,phage,demo_ground_truth
phage_annotator_demo.tif,14,-1,89.0,530.0,phage,demo_ground_truth
phage_annotator_demo.tif,15,-1,90.0,531.0,phage,demo_ground_truth
phage_annotator_demo.tif,16,-1,90.0,530.0,phage,demo_ground_truth
phage_annotator_demo.tif,17,-1,90.0,530.0,phage,demo_ground_truth
phage_annotator_demo.tif,18,-1,91.0,529.0,phage,demo_ground_truth
phage_annotator_demo.tif,19,-1,91.0,530.0,phage,demo_ground_truth
phage_annotator_demo.tif,0,-1,728.0,1107.0,phage,demo_ground_truth
phage_annotator_demo.tif,1,-1,730.0,1107.0,phage,demo_ground_truth
phage_annotator_demo.tif,2,-1,729.0,1106.0,phage,demo_ground_truth
phage_annotator_demo.tif,3,-1,730.0,1107.0,phage,demo_ground_truth
phage_annotator_demo.tif,4,-1,729.0,1106.0,phage,demo_ground_truth
phage_annotator_demo.tif,5,-1,730.0,1106.0,phage,demo_ground_truth
phage_annotator_demo.tif,6,-1,729.0,1106.0,phage,demo_ground_truth
phage_annotator_demo.tif,7,-1,730.0,1106.0,phage,demo_ground_truth
phage_annotator_demo.tif,8,-1,729.0,1107.0,phage,demo_ground_truth
phage_annotator_demo.tif,9,-1,729.0,1106.0,phage,demo_ground_truth
phage_annotator_demo.tif,10,-1,730.0,1106.0,phage,demo_ground_truth
phage_annotator_demo.tif,11,-1,730.0,1107.0,phage,demo_ground_truth
phage_annotator_demo.tif,12,-1,729.0,1107.0,phage,demo_ground_truth
phage_annotator_demo.tif,13,-1,729.0,1106.0,phage,demo_ground_truth
phage_annotator_demo.tif,1,-1,123.0,134.0,phage,demo_ground_truth
phage_annotator_demo.tif,2,-1,124.0,134.0,phage,demo_ground_truth
phage_annotator_demo.tif,3,-1,124.0,134.0,phage,demo_ground_truth
phage_annotator_demo.tif,4,-1,123.0,134.0,phage,demo_ground_truth
phage_annotator_demo.tif,5,-1,123.0,133.0,phage,demo_ground_truth
phage_annotator_demo.tif,6,-1,123.0,133.0,phage,demo_ground_truth
phage_annotator_demo.tif,7,-1,124.0,134.0,phage,demo_ground_truth
phage_annotator_demo.tif,8,-1,124.0,134.0,phage,demo_ground_truth
phage_annotator_demo.tif,9,-1,123.0,134.0,phage,demo_ground_truth
phage_annotator_demo.tif,10,-1,123.0,133.0,phage,demo_ground_truth
phage_annotator_demo.tif,11,-1,123.0,134.0,phage,demo_ground_truth
phage_annotator_demo.tif,12,-1,123.0,134.0,phage,demo_ground_truth
phage_annotator_demo.tif,13,-1,123.0,134.0,phage,demo_ground_truth
phage_annotator_demo.tif,14,-1,124.0,133.0,phage,demo_ground_truth
phage_annotator_demo.tif,1,-1,1119.0,667.0,phage,demo_ground_truth
phage_annotator_demo.tif,2,-1,1118.0,667.0,phage,demo_ground_truth
phage_annotator_demo.tif,3,-1,1118.0,667.0,phage,demo_ground_truth
phage_annotator_demo.tif,4,-1,1119.0,667.0,phage,demo_ground_truth
phage_annotator_demo.tif,5,-1,1119.0,668.0,phage,demo_ground_truth
phage_annotator_demo.tif,6,-1,1118.0,667.0,phage,demo_ground_truth
phage_annotator_demo.tif,7,-1,1119.0,668.0,phage,demo_ground_truth
phage_annotator_demo.tif,8,-1,1118.0,667.0,phage,demo_ground_truth
phage_annotator_demo.tif,9,-1,1119.0,667.0,phage,demo_ground_truth
phage_annotator_demo.tif,10,-1,1118.0,668.0,phage,demo_ground_truth
phage_annotator_demo.tif,11,-1,1118.0,668.0,phage,demo_ground_truth
phage_annotator_demo.tif,12,-1,1118.0,668.0,phage,demo_ground_truth
phage_annotator_demo.tif,13,-1,1118.0,667.0,phage,demo_ground_truth
phage_annotator_demo.tif,14,-1,1119.0,667.0,phage,demo_ground_truth
phage_annotator_demo.tif,15,-1,1119.0,668.0,phage,demo_ground_truth
phage_annotator_demo.tif,16,-1,1119.0,667.0,phage,demo_ground_truth
phage_annotator_demo.tif,17,-1,1118.0,666.0,phage,demo_ground_truth
phage_annotator_demo.tif,2,-1,184.0,832.0,phage,demo_ground_truth
phage_annotator_demo.tif,3,-1,184.0,832.0,phage,demo_ground_truth
phage_annotator_demo.tif,4,-1,184.0,832.0,phage,demo_ground_truth
phage_annotator_demo.tif,5,-1,186.0,833.0,phage,demo_ground_truth
phage_annotator_demo.tif,6,-1,185.0,833.0,phage,demo_ground_truth
phage_annotator_demo.tif,7,-1,185.0,833.0,phage,demo_ground_truth
phage_annotator_demo.tif,8,-1,185.0,833.0,phage,demo_ground_truth
phage_annotator_demo.tif,9,-1,184.0,832.0,phage,demo_ground_truth
phage_annotator_demo.tif,10,-1,185.0,832.0,phage,demo_ground_truth
phage_annotator_demo.tif,11,-1,184.0,833.0,phage,demo_ground_truth
phage_annotator_demo.tif,12,-1,185.0,832.0,phage,demo_ground_truth
phage_annotator_demo.tif,13,-1,184.0,833.0,phage,demo_ground_truth
phage_annotator_demo.tif,14,-1,184.0,833.0,phage,demo_ground_truth
phage_annotator_demo.tif,15,-1,185.0,833.0,phage,demo_ground_truth
phage_annotator_demo.tif,16,-1,185.0,833.0,phage,demo_ground_truth
phage_annotator_demo.tif,17,-1,184.0,833.0,phage,demo_ground_truth
phage_annotator_demo.tif,3,-1,766.0,308.0,phage,demo_ground_truth
phage_annotator_demo.tif,4,-1,766.0,308.0,phage,demo_ground_truth
phage_annotator_demo.tif,5,-1,765.0,309.0,phage,demo_ground_truth
phage_annotator_demo.tif,6,-1,765.0,308.0,phage,demo_ground_truth
phage_annotator_demo.tif,7,-1,765.0,310.0,phage,demo_ground_truth
phage_annotator_demo.tif,8,-1,765.0,308.0,phage,demo_ground_truth
phage_annotator_demo.tif,9,-1,766.0,309.0,phage,demo_ground_truth
phage_annotator_demo.tif,10,-1,766.0,309.0,phage,demo_ground_truth
phage_annotator_demo.tif,11,-1,766.0,309.0,phage,demo_ground_truth
phage_annotator_demo.tif,12,-1,766.0,308.0,phage,demo_ground_truth
phage_annotator_demo.tif,13,-1,765.0,309.0,phage,demo_ground_truth
phage_annotator_demo.tif,14,-1,766.0,309.0,phage,demo_ground_truth
phage_annotator_demo.tif,15,-1,765.0,309.0,phage,demo_ground_truth
phage_annotator_demo.tif,16,-1,765.0,309.0,phage,demo_ground_truth
phage_annotator_demo.tif,17,-1,765.0,309.0,phage,demo_ground_truth
phage_annotator_demo.tif,0,-1,844.0,1047.0,phage,demo_ground_truth
phage_annotator_demo.tif,1,-1,844.0,1048.0,phage,demo_ground_truth
phage_annotator_demo.tif,2,-1,844.0,1048.0,phage,demo_ground_truth
phage_annotator_demo.tif,3,-1,844.0,1048.0,phage,demo_ground_truth
phage_annotator_demo.tif,4,-1,844.0,1048.0,phage,demo_ground_truth
phage_annotator_demo.tif,5,-1,845.0,1048.0,phage,demo_ground_truth
phage_annotator_demo.tif,6,-1,844.0,1048.0,phage,demo_ground_truth
phage_annotator_demo.tif,7,-1,844.0,1048.0,phage,demo_ground_truth
phage_annotator_demo.tif,8,-1,845.0,1047.0,phage,demo_ground_truth
phage_annotator_demo.tif,9,-1,844.0,1048.0,phage,demo_ground_truth
phage_annotator_demo.tif,10,-1,845.0,1047.0,phage,demo_ground_truth
phage_annotator_demo.tif,11,-1,845.0,1048.0,phage,demo_ground_truth
phage_annotator_demo.tif,12,-1,844.0,1047.0,phage,demo_ground_truth
phage_annotator_demo.tif,13,-1,844.0,1047.0,phage,demo_ground_truth
phage_annotator_demo.tif,14,-1,844.0,1048.0,phage,demo_ground_truth
phage_annotator_demo.tif,15,-1,845.0,1048.0,phage,demo_ground_truth
phage_annotator_demo.tif,16,-1,844.0,1047.0,phage,demo_ground_truth
phage_annotator_demo.tif,17,-1,844.0,1048.0,phage,demo_ground_truth
phage_annotator_demo.tif,18,-1,844.0,1047.0,phage,demo_ground_truth
phage_annotator_demo.tif,8,-1,505.0,382.0,phage,demo_ground_truth
phage_annotator_demo.tif,9,-1,503.0,381.0,phage,demo_ground_truth
phage_annotator_demo.tif,10,-1,504.0,384.0,phage,demo_ground_truth
phage_annotator_demo.tif,11,-1,502.0,383.0,phage,demo_ground_truth
phage_annotator_demo.tif,12,-1,504.0,383.0,phage,demo_ground_truth
phage_annotator_demo.tif,13,-1,503.0,382.0,phage,demo_ground_truth
phage_annotator_demo.tif,14,-1,504.0,383.0,phage,demo_ground_truth
phage_annotator_demo.tif,15,-1,504.0,382.0,phage,demo_ground_truth
phage_annotator_demo.tif,16,-1,503.0,383.0,phage,demo_ground_truth
phage_annotator_demo.tif,17,-1,503.0,382.0,phage,demo_ground_truth
phage_annotator_demo.tif,18,-1,503.0,382.0,phage,demo_ground_truth
phage_annotator_demo.tif,19,-1,504.0,382.0,phage,demo_ground_truth
phage_annotator_demo.tif,2,-1,735.0,367.0,phage,demo_ground_truth
phage_annotator_demo.tif,3,-1,736.0,366.0,phage,demo_ground_truth
phage_annotator_demo.tif,4,-1,736.0,366.0,phage,demo_ground_truth
phage_annotator_demo.tif,5,-1,735.0,367.0,phage,demo_ground_truth
phage_annotator_demo.tif,6,-1,735.0,366.0,phage,demo_ground_truth
phage_annotator_demo.tif,7,-1,735.0,366.0,phage,demo_ground_truth
phage_annotator_demo.tif,8,-1,735.0,367.0,phage,demo_ground_truth
phage_annotator_demo.tif,9,-1,736.0,366.0,phage,demo_ground_truth
phage_annotator_demo.tif,10,-1,736.0,366.0,phage,demo_ground_truth
phage_annotator_demo.tif,11,-1,735.0,366.0,phage,demo_ground_truth
phage_annotator_demo.tif,12,-1,735.0,366.0,phage,demo_ground_truth
phage_annotator_demo.tif,13,-1,736.0,366.0,phage,demo_ground_truth
phage_annotator_demo.tif,3,-1,1157.0,320.0,phage,demo_ground_truth
phage_annotator_demo.tif,4,-1,1158.0,321.0,phage,demo_ground_truth
phage_annotator_demo.tif,5,-1,1158.0,320.0,phage,demo_ground_truth
phage_annotator_demo.tif,6,-1,1158.0,321.0,phage,demo_ground_truth
phage_annotator_demo.tif,7,-1,1157.0,320.0,phage,demo_ground_truth
phage_annotator_demo.tif,8,-1,1157.0,320.0,phage,demo_ground_truth
phage_annotator_demo.tif,9,-1,1157.0,321.0,phage,demo_ground_truth
phage_annotator_demo.tif,10,-1,1157.0,320.0,phage,demo_ground_truth
phage_annotator_demo.tif,11,-1,1157.0,321.0,phage,demo_ground_truth
phage_annotator_demo.tif,12,-1,1158.0,321.0,phage,demo_ground_truth
phage_annotator_demo.tif,13,-1,1157.0,320.0,phage,demo_ground_truth
phage_annotator_demo.tif,14,-1,1157.0,321.0,phage,demo_ground_truth
phage_annotator_demo.tif,15,-1,1158.0,321.0,phage,demo_ground_truth
phage_annotator_demo.tif,16,-1,1158.0,321.0,phage,demo_ground_truth
phage_annotator_demo.tif,17,-1,1158.0,320.0,phage,demo_ground_truth
phage_annotator_demo.tif,1,-1,1011.0,366.0,phage,demo_ground_truth
phage_annotator_demo.tif,2,-1,1012.0,367.0,phage,demo_ground_truth
phage_annotator_demo.tif,3,-1,1012.0,367.0,phage,demo_ground_truth
phage_annotator_demo.tif,4,-1,1011.0,366.0,phage,demo_ground_truth
phage_annotator_demo.tif,5,-1,1012.0,367.0,phage,demo_ground_truth
phage_annotator_demo.tif,6,-1,1012.0,367.0,phage,demo_ground_truth
phage_annotator_demo.tif,7,-1,1011.0,366.0,phage,demo_ground_truth
phage_annotator_demo.tif,8,-1,1012.0,366.0,phage,demo_ground_truth
phage_annotator_demo.tif,9,-1,1011.0,367.0,phage,demo_ground_truth
phage_annotator_demo.tif,10,-1,1011.0,366.0,phage,demo_ground_truth
phage_annotator_demo.tif,11,-1,1012.0,368.0,phage,demo_ground_truth
phage_annotator_demo.tif,12,-1,1012.0,367.0,phage,demo_ground_truth
phage_annotator_demo.tif,13,-1,1012.0,367.0,phage,demo_ground_truth
phage_annotator_demo.tif,14,-1,1011.0,367.0,phage,demo_ground_truth
phage_annotator_demo.tif,15,-1,1012.0,366.0,phage,demo_ground_truth
phage_annotator_demo.tif,16,-1,1011.0,367.0,phage,demo_ground_truth
phage_annotator_demo.tif,17,-1,1010.0,367.0,phage,demo_ground_truth
phage_annotator_demo.tif,18,-1,1011.0,367.0,phage,demo_ground_truth
phage_annotator_demo.tif,1,-1,1015.0,1055.0,phage,demo_ground_truth
phage_annotator_demo.tif,2,-1,1014.0,1055.0,phage,demo_ground_truth
phage_annotator_demo.tif,3,-1,1015.0,1054.0,phage,demo_ground_truth
phage_annotator_demo.tif,4,-1,1015.0,1053.0,phage,demo_ground_truth
phage_annotator_demo.tif,5,-1,1015.0,1054.0,phage,demo_ground_truth
phage_annotator_demo.tif,6,-1,1014.0,1054.0,phage,demo_ground_truth
phage_annotator_demo.tif,7,-1,1014.0,1055.0,phage,demo_ground_truth
phage_annotator_demo.tif,8,-1,1013.0,1054.0,phage,demo_ground_truth
phage_annotator_demo.tif,9,-1,1015.0,1055.0,phage,demo_ground_truth
phage_annotator_demo.tif,10,-1,1015.0,1055.0,phage,demo_ground_truth
phage_annotator_demo.tif,11,-1,1015.0,1054.0,phage,demo_ground_truth
phage_annotator_demo.tif,12,-1,1014.0,1055.0,phage,demo_ground_truth
phage_annotator_demo.tif,13,-1,1014.0,1054.0,phage,demo_ground_truth
phage_annotator_demo.tif,14,-1,1015.0,1055.0,phage,demo_ground_truth
phage_annotator_demo.tif,1,-1,793.0,166.0,phage,demo_ground_truth
phage_annotator_demo.tif,2,-1,794.0,166.0,phage,demo_ground_truth
phage_annotator_demo.tif,3,-1,793.0,166.0,phage,demo_ground_truth
phage_annotator_demo.tif,4,-1,793.0,166.0,phage,demo_ground_truth
phage_annotator_demo.tif,5,-1,793.0,166.0,phage,demo_ground_truth
phage_annotator_demo.tif,6,-1,792.0,166.0,phage,demo_ground_truth
phage_annotator_demo.tif,7,-1,792.0,165.0,phage,demo_ground_truth
phage_annotator_demo.tif,8,-1,793.0,166.0,phage,demo_ground_truth
phage_annotator_demo.tif,9,-1,793.0,166.0,phage,demo_ground_truth
phage_annotator_demo.tif,10,-1,791.0,166.0,phage,demo_ground_truth
phage_annotator_demo.tif,11,-1,793.0,167.0,phage,demo_ground_truth
phage_annotator_demo.tif,12,-1,792.0,166.0,phage,demo_ground_truth
phage_annotator_demo.tif,13,-1,792.0,166.0,phage,demo_ground_truth
phage_annotator_demo.tif,14,-1,794.0,166.0,phage,demo_ground_truth
phage_annotator_demo.tif,15,-1,792.0,167.0,phage,demo_ground_truth
phage_annotator_demo.tif,16,-1,793.0,167.0,phage,demo_ground_truth
phage_annotator_demo.tif,17,-1,792.0,167.0,phage,demo_ground_truth
phage_annotator_demo.tif,1,-1,803.0,1042.0,phage,demo_ground_truth
phage_annotator_demo.tif,2,-1,802.0,1040.0,phage,demo_ground_truth
phage_annotator_demo.tif,3,-1,803.0,1041.0,phage,demo_ground_truth
phage_annotator_demo.tif,4,-1,802.0,1041.0,phage,demo_ground_truth
phage_annotator_demo.tif,5,-1,803.0,1042.0,phage,demo_ground_truth
phage_annotator_demo.tif,6,-1,803.0,1041.0,phage,demo_ground_truth
phage_annotator_demo.tif,7,-1,803.0,1043.0,phage,demo_ground_truth
phage_annotator_demo.tif,8,-1,803.0,1041.0,phage,demo_ground_truth
phage_annotator_demo.tif,9,-1,803.0,1041.0,phage,demo_ground_truth
phage_annotator_demo.tif,10,-1,803.0,1041.0,phage,demo_ground_truth
phage_annotator_demo.tif,11,-1,803.0,1041.0,phage,demo_ground_truth
phage_annotator_demo.tif,12,-1,802.0,1042.0,phage,demo_ground_truth
phage_annotator_demo.tif,13,-1,802.0,1041.0,phage,demo_ground_truth
phage_annotator_demo.tif,14,-1,802.0,1041.0,phage,demo_ground_truth
phage_annotator_demo.tif,15,-1,802.0,1041.0,phage,demo_ground_truth
phage_annotator_demo.tif,16,-1,803.0,1042.0,phage,demo_ground_truth
phage_annotator_demo.tif,17,-1,803.0,1042.0,phage,demo_ground_truth
phage_annotator_demo.tif,18,-1,803.0,1041.0,phage,demo_ground_truth
phage_annotator_demo.tif,19,-1,802.0,1041.0,phage,demo_ground_truth
phage_annotator_demo.tif,2,-1,297.0,920.0,phage,demo_ground_truth
phage_annotator_demo.tif,3,-1,296.0,919.0,phage,demo_ground_truth
phage_annotator_demo.tif,4,-1,297.0,919.0,phage,demo_ground_truth
phage_annotator_demo.tif,5,-1,297.0,920.0,phage,demo_ground_truth
phage_annotator_demo.tif,6,-1,296.0,920.0,phage,demo_ground_truth
phage_annotator_demo.tif,7,-1,296.0,920.0,phage,demo_ground_truth
phage_annotator_demo.tif,8,-1,296.0,920.0,phage,demo_ground_truth
phage_annotator_demo.tif,9,-1,297.0,919.0,phage,demo_ground_truth
phage_annotator_demo.tif,10,-1,296.0,920.0,phage,demo_ground_truth
phage_annotator_demo.tif,11,-1,297.0,921.0,phage,demo_ground_truth
phage_annotator_demo.tif,12,-1,297.0,920.0,phage,demo_ground_truth
phage_annotator_demo.tif,13,-1,298.0,919.0,phage,demo_ground_truth
phage_annotator_demo.tif,7,-1,909.0,116.0,phage,demo_ground_truth
phage_annotator_demo.tif,8,-1,908.0,116.0,phage,demo_ground_truth
phage_annotator_demo.tif,9,-1,909.0,116.0,phage,demo_ground_truth
phage_annotator_demo.tif,10,-1,908.0,116.0,phage,demo_ground_truth
phage_annotator_demo.tif,11,-1,908.0,115.0,phage,demo_ground_truth
phage_annotator_demo.tif,12,-1,909.0,115.0,phage,demo_ground_truth
phage_annotator_demo.tif,13,-1,908.0,116.0,phage,demo_ground_truth
phage_annotator_demo.tif,14,-1,908.0,116.0,phage,demo_ground_truth
phage_annotator_demo.tif,15,-1,908.0,116.0,phage,demo_ground_truth
phage_annotator_demo.tif,16,-1,909.0,116.0,phage,demo_ground_truth
phage_annotator_demo.tif,17,-1,909.0,116.0,phage,demo_ground_truth
phage_annotator_demo.tif,18,-1,909.0,116.0,phage,demo_ground_truth
phage_annotator_demo.tif,19,-1,909.0,116.0,phage,demo_ground_truth
phage_annotator_demo.tif,0,-1,866.0,832.0,phage,demo_ground_truth
phage_annotator_demo.tif,1,-1,865.0,831.0,phage,demo_ground_truth
phage_annotator_demo.tif,2,-1,865.0,831.0,phage,demo_ground_truth
phage_annotator_demo.tif,3,-1,865.0,831.0,phage,demo_ground_truth
phage_annotator_demo.tif,4,-1,866.0,831.0,phage,demo_ground_truth
phage_annotator_demo.tif,5,-1,866.0,832.0,phage,demo_ground_truth
phage_annotator_demo.tif,6,-1,865.0,832.0,phage,demo_ground_truth
phage_annotator_demo.tif,7,-1,866.0,832.0,phage,demo_ground_truth
phage_annotator_demo.tif,8,-1,865.0,831.0,phage,demo_ground_truth
phage_annotator_demo.tif,9,-1,865.0,831.0,phage,demo_ground_truth
phage_annotator_demo.tif,10,-1,866.0,831.0,phage,demo_ground_truth
phage_annotator_demo.tif,11,-1,866.0,831.0,phage,demo_ground_truth
phage_annotator_demo.tif,12,-1,865.0,832.0,phage,demo_ground_truth
phage_annotator_demo.tif,13,-1,866.0,831.0,phage,demo_ground_truth
phage_annotator_demo.tif,14,-1,865.0,832.0,phage,demo_ground_truth
phage_annotator_demo.tif,15,-1,866.0,833.0,phage,demo_ground_truth
phage_annotator_demo.tif,16,-1,866.0,830.0,phage,demo_ground_truth
phage_annotator_demo.tif,17,-1,865.0,832.0,phage,demo_ground_truth
phage_annotator_demo.tif,18,-1,865.0,832.0,phage,demo_ground_truth
phage_annotator_demo.tif,8,-1,458.0,864.0,phage,demo_ground_truth
phage_annotator_demo.tif,9,-1,459.0,864.0,phage,demo_ground_truth
phage_annotator_demo.tif,10,-1,458.0,863.0,phage,demo_ground_truth
phage_annotator_demo.tif,11,-1,459.0,864.0,phage,demo_ground_truth
phage_annotator_demo.tif,12,-1,459.0,864.0,phage,demo_ground_truth
phage_annotator_demo.tif,13,-1,458.0,864.0,phage,demo_ground_truth
phage_annotator_demo.tif,14,-1,459.0,863.0,phage,demo_ground_truth
phage_annotator_demo.tif,15,-1,458.0,863.0,phage,demo_ground_truth
phage_annotator_demo.tif,16,-1,459.0,864.0,phage,demo_ground_truth
phage_annotator_demo.tif,17,-1,458.0,864.0,phage,demo_ground_truth
phage_annotator_demo.tif,18,-1,458.0,863.0,phage,demo_ground_truth
phage_annotator_demo.tif,19,-1,459.0,863.0,phage,demo_ground_truth
phage_annotator_demo.tif,7,-1,712.0,913.0,phage,demo_ground_truth
phage_annotator_demo.tif,8,-1,712.0,913.0,phage,demo_ground_truth
phage_annotator_demo.tif,9,-1,712.0,912.0,phage,demo_ground_truth
phage_annotator_demo.tif,10,-1,712.0,914.0,phage,demo_ground_truth
phage_annotator_demo.tif,11,-1,713.0,912.0,phage,demo_ground_truth
phage_annotator_demo.tif,12,-1,712.0,911.0,phage,demo_ground_truth
phage_annotator_demo.tif,13,-1,712.0,913.0,phage,demo_ground_truth
phage_annotator_demo.tif,14,-1,713.0,913.0,phage,demo_ground_truth
phage_annotator_demo.tif,15,-1,712.0,912.0,phage,demo_ground_truth
phage_annotator_demo.tif,16,-1,713.0,913.0,phage,demo_ground_truth
phage_annotator_demo.tif,17,-1,713.0,913.0,phage,demo_ground_truth
phage_annotator_demo.tif,0,-1,482.0,987.0,phage,demo_ground_truth
phage_annotator_demo.tif,1,-1,483.0,986.0,phage,demo_ground_truth
phage_annotator_demo.tif,2,-1,482.0,987.0,phage,demo_ground_truth
phage_annotator_demo.tif,3,-1,483.0,985.0,phage,demo_ground_truth
phage_annotator_demo.tif,4,-1,482.0,987.0,phage,demo_ground_truth
phage_annotator_demo.tif,5,-1,482.0,987.0,phage,demo_ground_truth
phage_annotator_demo.tif,6,-1,483.0,987.0,phage,demo_ground_truth
phage_annotator_demo.tif,7,-1,482.0,987.0,phage,demo_ground_truth
phage_annotator_demo.tif,8,-1,483.0,986.0,phage,demo_ground_truth
phage_annotator_demo.tif,9,-1,483.0,986.0,phage,demo_ground_truth
phage_annotator_demo.tif,10,-1,482.0,987.0,phage,demo_ground_truth
phage_annotator_demo.tif,11,-1,483.0,986.0,phage,demo_ground_truth
phage_annotator_demo.tif,12,-1,482.0,987.0,phage,demo_ground_truth
phage_annotator_demo.tif,1,-1,379.0,46.0,phage,demo_ground_truth
phage_annotator_demo.tif,2,-1,379.0,46.0,phage,demo_ground_truth
phage_annotator_demo.tif,3,-1,380.0,47.0,phage,demo_ground_truth
phage_annotator_demo.tif,4,-1,380.0,46.0,phage,demo_ground_truth
phage_annotator_demo.tif,5,-1,379.0,46.0,phage,demo_ground_truth
phage_annotator_demo.tif,6,-1,379.0,47.0,phage,demo_ground_truth
phage_annotator_demo.tif,7,-1,379.0,47.0,phage,demo_ground_truth
phage_annotator_demo.tif,8,-1,380.0,47.0,phage,demo_ground_truth
phage_annotator_demo.tif,9,-1,380.0,46.0,phage,demo_ground_truth
phage_annotator_demo.tif,10,-1,380.0,46.0,phage,demo_ground_truth
phage_annotator_demo.tif,11,-1,380.0,46.0,phage,demo_ground_truth
phage_annotator_demo.tif,12,-1,380.0,47.0,phage,demo_ground_truth
phage_annotator_demo.tif,13,-1,379.0,46.0,phage,demo_ground_truth
phage_annotator_demo.tif,14,-1,380.0,47.0,phage,demo_ground_truth
phage_annotator_demo.tif,15,-1,379.0,46.0,phage,demo_ground_truth
phage_annotator_demo.tif,16,-1,379.0,46.0,phage,demo_ground_truth
phage_annotator_demo.tif,17,-1,380.0,46.0,phage,demo_ground_truth
phage_annotator_demo.tif,18,-1,380.0,46.0,phage,demo_ground_truth
phage_annotator_demo.tif,19,-1,380.0,46.0,phage,demo_ground_truth
phage_annotator_demo.tif,4,-1,856.0,994.0,phage,demo_ground_truth
phage_annotator_demo.tif,5,-1,856.0,993.0,phage,demo_ground_truth
phage_annotator_demo.tif,6,-1,856.0,994.0,phage,demo_ground_truth
phage_annotator_demo.tif,7,-1,857.0,993.0,phage,demo_ground_truth
phage_annotator_demo.tif,8,-1,857.0,993.0,phage,demo_ground_truth
phage_annotator_demo.tif,9,-1,856.0,994.0,phage,demo_ground_truth
phage_annotator_demo.tif,10,-1,856.0,994.0,phage,demo_ground_truth
phage_annotator_demo.tif,11,-1,857.0,994.0,phage,demo_ground_truth
phage_annotator_demo.tif,12,-1,856.0,993.0,phage,demo_ground_truth
phage_annotator_demo.tif,13,-1,856.0,994.0,phage,demo_ground_truth
phage_annotator_demo.tif,14,-1,856.0,994.0,phage,demo_ground_truth
phage_annotator_demo.tif,15,-1,856.0,993.0,phage,demo_ground_truth
phage_annotator_demo.tif,16,-1,856.0,993.0,phage,demo_ground_truth
phage_annotator_demo.tif,17,-1,857.0,993.0,phage,demo_ground_truth
phage_annotator_demo.tif,18,-1,857.0,994.0,phage,demo_ground_truth
phage_annotator_demo.tif,19,-1,856.0,994.0,phage,demo_ground_truth
phage_annotator_demo.tif,3,-1,1170.0,313.0,phage,demo_ground_truth
phage_annotator_demo.tif,4,-1,1171.0,314.0,phage,demo_ground_truth
phage_annotator_demo.tif,5,-1,1171.0,314.0,phage,demo_ground_truth
phage_annotator_demo.tif,6,-1,1170.0,313.0,phage,demo_ground_truth
phage_annotator_demo.tif,7,-1,1172.0,314.0,phage,demo_ground_truth
phage_annotator_demo.tif,8,-1,1170.0,314.0,phage,demo_ground_truth
phage_annotator_demo.tif,9,-1,1170.0,313.0,phage,demo_ground_truth
phage_annotator_demo.tif,10,-1,1171.0,314.0,phage,demo_ground_truth
phage_annotator_demo.tif,11,-1,1170.0,314.0,phage,demo_ground_truth
phage_annotator_demo.tif,12,-1,1169.0,313.0,phage,demo_ground_truth
phage_annotator_demo.tif,13,-1,1170.0,315.0,phage,demo_ground_truth
phage_annotator_demo.tif,14,-1,1170.0,313.0,phage,demo_ground_truth
phage_annotator_demo.tif,15,-1,1170.0,313.0,phage,demo_ground_truth
phage_annotator_demo.tif,16,-1,1170.0,313.0,phage,demo_ground_truth
phage_annotator_demo.tif,0,-1,1147.0,1175.0,phage,demo_ground_truth
phage_annotator_demo.tif,1,-1,1147.0,1175.0,phage,demo_ground_truth
phage_annotator_demo.tif,2,-1,1148.0,1176.0,phage,demo_ground_truth
phage_annotator_demo.tif,3,-1,1148.0,1176.0,phage,demo_ground_truth
phage_annotator_demo.tif,4,-1,1147.0,1175.0,phage,demo_ground_truth
phage_annotator_demo.tif,5,-1,1147.0,1175.0,phage,demo_ground_truth
phage_annotator_demo.tif,6,-1,1147.0,1176.0,phage,demo_ground_truth
phage_annotator_demo.tif,7,-1,1148.0,1175.0,phage,demo_ground_truth
phage_annotator_demo.tif,8,-1,1147.0,1176.0,phage,demo_ground_truth
phage_annotator_demo.tif,9,-1,1148.0,1175.0,phage,demo_ground_truth
phage_annotator_demo.tif,10,-1,1147.0,1175.0,phage,demo_ground_truth
phage_annotator_demo.tif,11,-1,1148.0,1175.0,phage,demo_ground_truth
phage_annotator_demo.tif,12,-1,1148.0,1176.0,phage,demo_ground_truth
phage_annotator_demo.tif,13,-1,1147.0,1175.0,phage,demo_ground_truth
phage_annotator_demo.tif,14,-1,1147.0,1175.0,phage,demo_ground_truth
phage_annotator_demo.tif,15,-1,1147.0,1175.0,phage,demo_ground_truth
phage_annotator_demo.tif,16,-1,1147.0,1176.0,phage,demo_ground_truth
phage_annotator_demo.tif,17,-1,1147.0,1175.0,phage,demo_ground_truth
phage_annotator_demo.tif,18,-1,1147.0,1175.0,phage,demo_ground_truth
phage_annotator_demo.tif,0,-1,142.0,299.0,phage,demo_ground_truth
phage_annotator_demo.tif,1,-1,141.0,300.0,phage,demo_ground_truth
phage_annotator_demo.tif,2,-1,142.0,300.0,phage,demo_ground_truth
phage_annotator_demo.tif,3,-1,142.0,300.0,phage,demo_ground_truth
phage_annotator_demo.tif,4,-1,142.0,299.0,phage,demo_ground_truth
phage_annotator_demo.tif,5,-1,141.0,299.0,phage,demo_ground_truth
phage_annotator_demo.tif,6,-1,141.0,300.0,phage,demo_ground_truth
phage_annotator_demo.tif,7,-1,141.0,299.0,phage,demo_ground_truth
phage_annotator_demo.tif,8,-1,141.0,300.0,phage,demo_ground_truth
phage_annotator_demo.tif,9,-1,143.0,299.0,phage,demo_ground_truth
phage_annotator_demo.tif,10,-1,141.0,300.0,phage,demo_ground_truth
phage_annotator_demo.tif,11,-1,142.0,298.0,phage,demo_ground_truth
phage_annotator_demo.tif,12,-1,142.0,300.0,phage,demo_ground_truth
phage_annotator_demo.tif,13,-1,142.0,299.0,phage,demo_ground_truth
phage_annotator_demo.tif,14,-1,141.0,299.0,phage,demo_ground_truth
phage_annotator_demo.tif,8,-1,641.0,217.0,phage,demo_ground_truth
phage_annotator_demo.tif,9,-1,641.0,217.0,phage,demo_ground_truth
phage_annotator_demo.tif,10,-1,640.0,217.0,phage,demo_ground_truth
phage_annotator_demo.tif,11,-1,641.0,217.0,phage,demo_ground_truth
phage_annotator_demo.tif,12,-1,641.0,217.0,phage,demo_ground_truth
phage_annotator_demo.tif,13,-1,640.0,217.0,phage,demo_ground_truth
phage_annotator_demo.tif,14,-1,640.0,216.0,phage,demo_ground_truth
phage_annotator_demo.tif,15,-1,641.0,216.0,phage,demo_ground_truth
phage_annotator_demo.tif,16,-1,641.0,217.0,phage,demo_ground_truth
phage_annotator_demo.tif,17,-1,641.0,217.0,phage,demo_ground_truth
phage_annotator_demo.tif,18,-1,641.0,217.0,phage,demo_ground_truth
phage_annotator_demo.tif,19,-1,641.0,217.0,phage,demo_ground_truth
phage_annotator_demo.tif,0,-1,156.0,634.0,phage,demo_ground_truth
phage_annotator_demo.tif,1,-1,157.0,635.0,phage,demo_ground_truth
phage_annotator_demo.tif,2,-1,158.0,634.0,phage,demo_ground_truth
phage_annotator_demo.tif,3,-1,157.0,635.0,phage,demo_ground_truth
phage_annotator_demo.tif,4,-1,157.0,634.0,phage,demo_ground_truth
phage_annotator_demo.tif,5,-1,157.0,636.0,phage,demo_ground_truth
phage_annotator_demo.tif,6,-1,156.0,634.0,phage,demo_ground_truth
phage_annotator_demo.tif,7,-1,157.0,634.0,phage,demo_ground_truth
phage_annotator_demo.tif,8,-1,157.0,634.0,phage,demo_ground_truth
phage_annotator_demo.tif,9,-1,157.0,635.0,phage,demo_ground_truth
phage_annotator_demo.tif,10,-1,157.0,634.0,phage,demo_ground_truth
phage_annotator_demo.tif,11,-1,156.0,636.0,phage,demo_ground_truth
phage_annotator_demo.tif,12,-1,156.0,634.0,phage,demo_ground_truth
phage_annotator_demo.tif,13,-1,157.0,634.0,phage,demo_ground_truth
phage_annotator_demo.tif,14,-1,156.0,634.0,phage,demo_ground_truth
phage_annotator_demo.tif,15,-1,157.0,634.0,phage,demo_ground_truth
phage_annotator_demo.tif,16,-1,157.0,634.0,phage,demo_ground_truth
phage_annotator_demo.tif,17,-1,157.0,634.0,phage,demo_ground_truth
phage_annotator_demo.tif,18,-1,156.0,634.0,phage,demo_ground_truth
phage_annotator_demo.tif,19,-1,156.0,635.0,phage,demo_ground_truth
phage_annotator_demo.tif,1,-1,668.0,333.0,phage,demo_ground_truth
phage_annotator_demo.tif,2,-1,667.0,334.0,phage,demo_ground_truth
phage_annotator_demo.tif,3,-1,667.0,333.0,phage,demo_ground_truth
phage_annotator_demo.tif,4,-1,667.0,333.0,phage,demo_ground_truth
phage_annotator_demo.tif,5,-1,668.0,334.0,phage,demo_ground_truth
phage_annotator_demo.tif,6,-1,667.0,334.0,phage,demo_ground_truth
phage_annotator_demo.tif,7,-1,667.0,333.0,phage,demo_ground_truth
phage_annotator_demo.tif,8,-1,667.0,333.0,phage,demo_ground_truth
phage_annotator_demo.tif,9,-1,667.0,333.0,phage,demo_ground_truth
phage_annotator_demo.tif,10,-1,667.0,333.0,phage,demo_ground_truth
phage_annotator_demo.tif,11,-1,667.0,335.0,phage,demo_ground_truth
phage_annotator_demo.tif,12,-1,667.0,334.0,phage,demo_ground_truth
phage_annotator_demo.tif,13,-1,667.0,333.0,phage,demo_ground_truth
phage_annotator_demo.tif,14,-1,668.0,334.0,phage,demo_ground_truth
phage_annotator_demo.tif,15,-1,668.0,333.0,phage,demo_ground_truth
phage_annotator_demo.tif,16,-1,667.0,334.0,phage,demo_ground_truth
phage_annotator_demo.tif,8,-1,1062.0,976.0,phage,demo_ground_truth
phage_annotator_demo.tif,9,-1,1061.0,976.0,phage,demo_ground_truth
phage_annotator_demo.tif,10,-1,1060.0,976.0,phage,demo_ground_truth
phage_annotator_demo.tif,11,-1,1061.0,975.0,phage,demo_ground_truth
phage_annotator_demo.tif,12,-1,1061.0,976.0,phage,demo_ground_truth
phage_annotator_demo.tif,13,-1,1062.0,975.0,phage,demo_ground_truth
phage_annotator_demo.tif,14,-1,1062.0,976.0,phage,demo_ground_truth
phage_annotator_demo.tif,15,-1,1061.0,975.0,phage,demo_ground_truth
phage_annotator_demo.tif,16,-1,1061.0,975.0,phage,demo_ground_truth
phage_annotator_demo.tif,17,-1,1061.0,975.0,phage,demo_ground_truth
phage_annotator_demo.tif,18,-1,1062.0,976.0,phage,demo_ground_truth
phage_annotator_demo.tif,19,-1,1062.0,975.0,phage,demo_ground_truth
phage_annotator_demo.tif,1,-1,127.0,967.0,phage,demo_ground_truth
phage_annotator_demo.tif,2,-1,127.0,967.0,phage,demo_ground_truth
phage_annotator_demo.tif,3,-1,128.0,967.0,phage,demo_ground_truth
phage_annotator_demo.tif,4,-1,127.0,966.0,phage,demo_ground_truth
phage_annotator_demo.tif,5,-1,128.0,966.0,phage,demo_ground_truth
phage_annotator_demo.tif,6,-1,128.0,966.0,phage,demo_ground_truth
phage_annotator_demo.tif,7,-1,127.0,966.0,phage,demo_ground_truth
phage_annotator_demo.tif,8,-1,128.0,966.0,phage,demo_ground_truth
phage_annotator_demo.tif,9,-1,127.0,966.0,phage,demo_ground_truth
phage_annotator_demo.tif,10,-1,127.0,967.0,phage,demo_ground_truth
phage_annotator_demo.tif,11,-1,127.0,966.0,phage,demo_ground_truth
phage_annotator_demo.tif,12,-1,128.0,966.0,phage,demo_ground_truth
phage_annotator_demo.tif,13,-1,128.0,967.0,phage,demo_ground_truth
phage_annotator_demo.tif,14,-1,127.0,967.0,phage,demo_ground_truth
phage_annotator_demo.tif,15,-1,127.0,967.0,phage,demo_ground_truth
phage_annotator_demo.tif,16,-1,128.0,967.0,phage,demo_ground_truth
phage_annotator_demo.tif,17,-1,128.0,967.0,phage,demo_ground_truth
phage_annotator_demo.tif,7,-1,799.0,726.0,phage,demo_ground_truth
phage_annotator_demo.tif,8,-1,799.0,726.0,phage,demo_ground_truth
phage_annotator_demo.tif,9,-1,800.0,726.0,phage,demo_ground_truth
phage_annotator_demo.tif,10,-1,799.0,725.0,phage,demo_ground_truth
phage_annotator_demo.tif,11,-1,800.0,726.0,phage,demo_ground_truth
phage_annotator_demo.tif,12,-1,800.0,726.0,phage,demo_ground_truth
phage_annotator_demo.tif,13,-1,799.0,726.0,phage,demo_ground_truth
phage_annotator_demo.tif,14,-1,799.0,725.0,phage,demo_ground_truth
phage_annotator_demo.tif,15,-1,799.0,726.0,phage,demo_ground_truth
phage_annotator_demo.tif,16,-1,800.0,726.0,phage,demo_ground_truth
phage_annotator_demo.tif,17,-1,799.0,726.0,phage,demo_ground_truth
phage_annotator_demo.tif,18,-1,799.0,726.0,phage,demo_ground_truth
phage_annotator_demo.tif,19,-1,799.0,725.0,phage,demo_ground_truth
phage_annotator_demo.tif,1,-1,1160.0,894.0,phage,demo_ground_truth
phage_annotator_demo.tif,2,-1,1161.0,893.0,phage,demo_ground_truth
phage_annotator_demo.tif,3,-1,1160.0,894.0,phage,demo_ground_truth
phage_annotator_demo.tif,4,-1,1160.0,894.0,phage,demo_ground_truth
phage_annotator_demo.tif,5,-1,1160.0,894.0,phage,demo_ground_truth
phage_annotator_demo.tif,6,-1,1161.0,894.0,phage,demo_ground_truth
phage_annotator_demo.tif,7,-1,1160.0,893.0,phage,demo_ground_truth
phage_annotator_demo.tif,8,-1,1160.0,894.0,phage,demo_ground_truth
phage_annotator_demo.tif,9,-1,1160.0,894.0,phage,demo_ground_truth
phage_annotator_demo.tif,10,-1,1161.0,894.0,phage,demo_ground_truth
phage_annotator_demo.tif,1,-1,31.0,377.0,phage,demo_ground_truth
phage_annotator_demo.tif,2,-1,32.0,377.0,phage,demo_ground_truth
phage_annotator_demo.tif,3,-1,31.0,377.0,phage,demo_ground_truth
phage_annotator_demo.tif,4,-1,32.0,377.0,phage,demo_ground_truth
phage_annotator_demo.tif,5,-1,32.0,376.0,phage,demo_ground_truth
phage_annotator_demo.tif,6,-1,31.0,377.0,phage,demo_ground_truth
phage_annotator_demo.tif,7,-1,31.0,377.0,phage,demo_ground_truth
phage_annotator_demo.tif,8,-1,31.0,377.0,phage,demo_ground_truth
phage_annotator_demo.tif,9,-1,31.0,376.0,phage,demo_ground_truth
phage_annotator_demo.tif,10,-1,31.0,377.0,phage,demo_ground_truth
phage_annotator_demo.tif,11,-1,32.0,377.0,phage,demo_ground_truth
phage_annotator_demo.tif,12,-1,33.0,377.0,phage,demo_ground_truth
phage_annotator_demo.tif,13,-1,31.0,377.0,phage,demo_ground_truth
phage_annotator_demo.tif,14,-1,32.0,376.0,phage,demo_ground_truth
phage_annotator_demo.tif,15,-1,31.0,377.0,phage,demo_ground_truth
phage_annotator_demo.tif,16,-1,32.0,376.0,phage,demo_ground_truth
phage_annotator_demo.tif,17,-1,32.0,376.0,phage,demo_ground_truth
phage_annotator_demo.tif,18,-1,32.0,377.0,phage,demo_ground_truth
phage_annotator_demo.tif,1,-1,943.0,380.0,phage,demo_ground_truth
phage_annotator_demo.tif,2,-1,944.0,380.0,phage,demo_ground_truth
phage_annotator_demo.tif,3,-1,944.0,380.0,phage,demo_ground_truth
phage_annotator_demo.tif,4,-1,943.0,380.0,phage,demo_ground_truth
phage_annotator_demo.tif,5,-1,943.0,381.0,phage,demo_ground_truth
phage_annotator_demo.tif,6,-1,943.0,381.0,phage,demo_ground_truth
phage_annotator_demo.tif,7,-1,943.0,380.0,phage,demo_ground_truth
phage_annotator_demo.tif,8,-1,944.0,381.0,phage,demo_ground_truth
phage_annotator_demo.tif,9,-1,943.0,381.0,phage,demo_ground_truth
phage_annotator_demo.tif,10,-1,943.0,381.0,phage,demo_ground_truth
phage_annotator_demo.tif,11,-1,943.0,381.0,phage,demo_ground_truth
phage_annotator_demo.tif,12,-1,944.0,380.0,phage,demo_ground_truth
phage_annotator_demo.tif,13,-1,944.0,381.0,phage,demo_ground_truth
